dateiname,muster,treffer_text,orgs_ner,pers_ner,kontext
04. Ausgabe 1931.txt,jüdisch+Geschäftsbegriff,Jüdisches Geschäft,,,"in der „Herberge zur Heimat“ vor? Unerhörter Zinswucher – Riesenschwindel in Hamburg – Warnung – [TREFFER] Jüdisches Geschäft [/TREFFER] – Erfolgreiche Tätigkeit des Stadtgartenoberinspektors Freytag Den vielfachen Gerüchten, die uns aus dem Bereich der"
09. Ausgabe 1930-1.txt,Boykottparole,Kauft nie bei Jude,! ○ Augen auf!,Nie; Nie,"Gebot: Nie bei Juden kaufen! 19. Gebot: Nie bei Juden kaufen! ○ Augen auf! ○ [TREFFER] Kauft nie bei Jude [/TREFFER] n! ● Eigenwerbung Zeitung: ○ Immer und immer wieder: Stadtwächterleser und Freunde, unterstützt in erster"
09. Ausgabe 1930-2.txt,Boykottparole,Kauft nie bei Jude,! ○ Augen auf!,Nie; Nie,"Gebot: Nie bei Juden kaufen! 19. Gebot: Nie bei Juden kaufen! ○ Augen auf! ○ [TREFFER] Kauft nie bei Jude [/TREFFER] n! ● Eigenwerbung Zeitung: ○ Immer und immer wieder: Stadtwächterleser und Freunde, unterstützt in erster"
09. Ausgabe 1931-1.txt,jüdisch+Geschäftsbegriff,jüdisches Geschäft,Fememord!,,Montag und Donnerstag Nachmittag 4 Uhr. Ein Märchen! Die Wahrheit über die Fememord-Prozesse Ein feines [TREFFER] jüdisches Geschäft [/TREFFER] – Venenentzündung – Zu hohe Ladenmieten – Eine Abfuhr Severings „Fememord!“ Aus dem Buch von
10. Ausgabe 1930.txt,jüdisch+Geschäftsbegriff,jüdischen Firma,,,"Osnabrück, den 2. März 1930 / Nr. 10 Mosbach und Genossen blamiert! Nichts war der [TREFFER] jüdischen Firma [/TREFFER] Mosbach zu dumm, um nicht einen Prozeß daraus zu machen. Auf dem Leim gekrochen –"
11. Ausgabe 1931-1.txt,jüdisch+Geschäftsbegriff,jüdische Firma,Liga für Menschenrechte,,"und damit den Weg zur Versklavung des Wirtsvolkes. Die Liga für Menschenrechte ist eine rein [TREFFER] jüdische Firma [/TREFFER] , geschaffen für nur jüdische Zwecke. Sie hat sich als jüdische Einrichtung wiederholt verraten, als"
13. Ausgabe 1930.txt,jüdisch+Geschäftsbegriff,jüdische Firma,Max Blank & Co.,,"in Osnabrück Als seinerzeit, etwa Anfang dieses Jahres, in hiesigen Blättern die Meldung auftauchte, die [TREFFER] jüdische Firma [/TREFFER] Max Blank & Co. habe das schöne alte Patrizierhaus Große Straße 43 (Finkenstaedt-Breusing) zur Erweiterung"
13. Ausgabe 1930.txt,jüdisch+Geschäftsbegriff,jüdischen Firma,Blank & Co.,,"uns vor 14 Tagen die Gewißheit auf den Tisch, in Form einer Jubiläumsschrift der betr. [TREFFER] jüdischen Firma [/TREFFER] . Darin wird in der Schilderung über die „Entwicklung“ von Blank & Co. sogar mit"
17. Ausgabe 1930.txt,jüdisch+Geschäftsbegriff,jüdischen Firma,,,"menschenunwürdige Behandlung auf dem Städtischen Arbeitsamt über mich ergehen lassen und wurde von einer galizisch- [TREFFER] jüdischen Firma [/TREFFER] auf der Großen Straße nach allen Regeln jüdischer Geschäftsmoral begaunert. Ich änderte mich, eine seelische"
17. Ausgabe 1930.txt,Juden-Firmen-Liste,Juden-Firmen Verzeichnis (Boykottaufruf),,G. Böhle & Sohn; Carl Doutrelepont; Hasestr; Juden-Firmen Verzeichnis; Philipp,"/ G. Böhle & Sohn, Rosenplatz 4. Herrenartikel: Carl Doutrelepont, Hasestr. 10. Socken, Krawatten billig. [TREFFER] Juden-Firmen Verzeichnis (Boykottaufruf) [/TREFFER] : ● 7 Firmen Große Straße: Mosbach, Alsberg, Blank, Wertheim, Philipp, Schönfeld, Markus. ● 2"
17. Ausgabe 1930.txt,Boykottparole,Kauft nie beim Jude,,Otto Loeb; Rudolf Voß,"● 1 Firma Johannisstraße: Otto Loeb. ● Hinweis: Das Oberlandesgericht Celle untersagte die Anzeige „ [TREFFER] Kauft nie beim Jude [/TREFFER] n“. Revision ist eingelegt. Hutfabrik: Reinigung und Formung, Turmstraße 18. Photo-Atelier: Rudolf Voß, Große Straße"
18. Ausgabe 1930-1.txt,jüdisch+Geschäftsbegriff,jüdischen Geschäft,,,"einmal eine Lehre erhalten hatte: Dass die Malermeistersgattin in ihrem Leben nie mehr in einem [TREFFER] jüdischen Geschäft [/TREFFER] kauft, dafür bürge ich. Die schwarze Bauernfahne Die gedrückte, ja geradezu verzweifelte Stimmung der Bauernschaft"
24. Ausgabe 1930.txt,Juden-Firmen-Liste,Juden-Firmen,,Kremer; Hartmann; Nieuhoff,"Arterienverkalkung, Schwindel, hohen Blutdruck. Flasche RM 1.60. Erhältlich im Reformhaus, Krahnstraße 32 a und b. [TREFFER] Juden-Firmen [/TREFFER] ...haben wieder ein Urteil des Landgerichts Osnabrück (unterzeichnet: Kremer, Hartmann, Nieuhoff) erwirkt, durch das zunächst"
26. Ausgabe 1930.txt,Boykottparole,"Kauf
nicht beim Jude",,,"auferlegt würde. Demgegenüber ist jeder Stadt-Wächter vogelfrei. 1500 Mark Geldstrafe für die 10 Gebote „ [TREFFER] Kauf
nicht beim Jude [/TREFFER] n!“ 800 Mark für Empfehlung jüdischer Geschäfte! Jetzt sogar Freiheitsstrafe – 3 Tage Haft muss"
27. Ausgabe 1930.txt,Boykottparole,Kauft nicht von Jude,,Juden-Boykott,"die, die alle moralische Ursache hätten zu zahlen, drücken sich um jede Abgabe. Juden-Boykott „ [TREFFER] Kauft nicht von Jude [/TREFFER] n!“ „Verkehrt nicht mit Juden!“ So sieht es in Thüringen aus. Unter diesen Überschriften lässt"
30. Ausgaabe 1930.txt,Judengeschäft-Marking,ist ein Judengeschäft,Feldkamps Landschwarzbrot,Brinkmann; Emil Schönfeld; ● Feldkamps Landschwarzbrot,"Staatsanwaltschaft. Auf Anordnung: Brinkmann, Justizangestellter. Kleine Anzeigen / Gewerbliche Inserate ● Emil Schönfeld – Großerstraße: [TREFFER] ist ein Judengeschäft [/TREFFER] . ● Feldkamps Landschwarzbrot: Auch im heißen Sommer erhalten Sie jetzt Feldkamps Landschwarzbrot in der"
30. Ausgaabe 1930.txt,Judengeschäft-Marking,ist ein Judengeschäft,Kamp,● Julius Cantor; E. Diekmann,"engen Mieträumen im gesunden eigenen Heim wohnen... Osnabrück, Kamp 70. ● Julius Cantor – Hasestraße: [TREFFER] ist ein Judengeschäft [/TREFFER] . ● Wasch- u. Plättanstalt E. Diekmann: Herrestraße 17 und Große Straße 12. Spezialität: Feine"
30. Ausgaabe 1930.txt,Judengeschäft-Marking,ist ein Judengeschäft,,● Samson David; ● E. Dettmar,"17 und Große Straße 12. Spezialität: Feine Damen- und Herren-Wäsche. ● Samson David – Krahnstraße: [TREFFER] ist ein Judengeschäft [/TREFFER] . ● Bodden, Osnabrück: Klingensberg 4. Kohlen und Futterartikel, Spedition. ● E. Dettmar: Hermannstr. 14."
30. Ausgaabe 1930.txt,Judengeschäft-Marking,ist ein Judengeschäft,Handwerk!,● Ph; Philipp; H. Fiege; Goldstr; ● L. Heymann,"Unterstützt das selbständige Handwerk! Kauft bei Eurem Bäcker- u. Konditormeister! ● Ph. Philipp – Großerstraße: [TREFFER] ist ein Judengeschäft [/TREFFER] . ● Autoruf 3404: H. Fiege, Goldstr. 21. ● L. Heymann – Hasestraße: ist ein"
30. Ausgaabe 1930.txt,Judengeschäft-Marking,ist ein Judengeschäft,● Bavaria-Kindl-Bräu; Goldener Saal; Bavaria-Café,H. Fiege; Goldstr; ● L. Heymann; Reichhaltiger Mittagstisch,"ist ein Judengeschäft. ● Autoruf 3404: H. Fiege, Goldstr. 21. ● L. Heymann – Hasestraße: [TREFFER] ist ein Judengeschäft [/TREFFER] . ● Bavaria-Kindl-Bräu und Goldener Saal: Reichhaltiger Mittagstisch von 1.25 Mk an. Bavaria-Café: Täglich humoristische"
30. Ausgaabe 1930.txt,Judengeschäft-Marking,ist ein Judengeschäft,,M. Niersch; Hugo Mosbach; ● H. Krikus; Bierstr; ● Otto Loeb,"M. Niersch: Schneidermeisterin, Möserstr. 42. Ausbildung im Zuschneiden und Nähen. ● Hugo Mosbach – Großerstraße: [TREFFER] ist ein Judengeschäft [/TREFFER] . ● H. Krikus, Bierstr. 37: Uhren-Bestecke-Trauringe kaufen Sie gut und preiswert. ● Otto Loeb"
30. Ausgaabe 1930.txt,Judengeschäft-Marking,ist ein Judengeschäft,,H. Krikus; ● Otto Loeb; Bierstrasse; ● Hypothekengeld,"H. Krikus, Bierstr. 37: Uhren-Bestecke-Trauringe kaufen Sie gut und preiswert. ● Otto Loeb – Johannisstraße: [TREFFER] ist ein Judengeschäft [/TREFFER] . ● Kaffeehaus Widerhall: Bierstrasse 16. Jeden Sonntag Konzert. ● Hypothekengeld u. Kredite: an Beamte"
30. Ausgaabe 1930.txt,Judengeschäft-Marking,ist ein Judengeschäft,● Markus & Co.; ● Gasthaus,Herbert Cröplin; Kamp; Franz Hülsmann,"Beamte und Festbesoldete durch Herbert Cröplin, Kamp 40 c. ● Markus & Co. – Großerstraße: [TREFFER] ist ein Judengeschäft [/TREFFER] . ● Autoruf 3388: Vermietung auch an Selbstfahrer. ● Gasthaus zur Butenburg: Franz Hülsmann, Gr."
30. Ausgaabe 1930.txt,Judengeschäft-Marking,ist ein Judengeschäft,● Blank & Co.,Franz Hülsmann; Gr; ● H. Thode; Seminarstraße Ecke Lyrastr,"Franz Hülsmann, Gr. Gildewart 12. Fremdenzimmer Preis 2.50 RM. ● Blank & Co. – Großerstraße: [TREFFER] ist ein Judengeschäft [/TREFFER] . ● H. Thode, Maßgeschäft: Seminarstraße Ecke Lyrastr. Anfertigung la moderner Herren-Damenkleidung. ● Der „Stadt-Wächter“:"
30. Ausgaabe 1930.txt,Judengeschäft-Marking,ist ein Judengeschäft,● Alsberg & Co.,Möbelvertrieb Heinr; Stranghöner,Ihren mageren Anzeigenetat nicht an wertlose Ankündigungen in Tageszeitungen... ● Alsberg & Co. – Großerstraße: [TREFFER] ist ein Judengeschäft [/TREFFER] . ● Möbelvertrieb Heinr. Stranghöner: Augustenburgerstraße 4 und 5. Schlafzimmer ab 550 RM. ● Photograph
30. Ausgaabe 1930.txt,Judengeschäft-Marking,ist ein Judengeschäft,,● S. Wertheim; Rezept Dr. Schierbaum's; Lohstr,"Mai: Rudolfstr. 16. Hochzeits-, Vereins-, Familienaufnahmen. ● Autovermietung: Telefon 5410. ● S. Wertheim – Großerstraße: [TREFFER] ist ein Judengeschäft [/TREFFER] . ● Echte Kräuterbonbons: nach Rezept Dr. Schierbaum's. Joh. Wollbrink, Lohstr. 19. PAGE 5 Seite"
30. Ausgaabe 1930.txt,Judengeschäft,Judengeschäft,Feldkamps Landschwarzbrot,Brinkmann; Emil Schönfeld; ● Feldkamps Landschwarzbrot,"Anordnung: Brinkmann, Justizangestellter. Kleine Anzeigen / Gewerbliche Inserate ● Emil Schönfeld – Großerstraße: ist ein [TREFFER] Judengeschäft [/TREFFER] . ● Feldkamps Landschwarzbrot: Auch im heißen Sommer erhalten Sie jetzt Feldkamps Landschwarzbrot in der"
30. Ausgaabe 1930.txt,Judengeschäft,Judengeschäft,Kamp,● Julius Cantor; E. Diekmann,"im gesunden eigenen Heim wohnen... Osnabrück, Kamp 70. ● Julius Cantor – Hasestraße: ist ein [TREFFER] Judengeschäft [/TREFFER] . ● Wasch- u. Plättanstalt E. Diekmann: Herrestraße 17 und Große Straße 12. Spezialität: Feine"
30. Ausgaabe 1930.txt,Judengeschäft,Judengeschäft,,● Samson David; ● E. Dettmar,"Große Straße 12. Spezialität: Feine Damen- und Herren-Wäsche. ● Samson David – Krahnstraße: ist ein [TREFFER] Judengeschäft [/TREFFER] . ● Bodden, Osnabrück: Klingensberg 4. Kohlen und Futterartikel, Spedition. ● E. Dettmar: Hermannstr. 14."
30. Ausgaabe 1930.txt,Judengeschäft,Judengeschäft,Handwerk!,● Ph; Philipp; H. Fiege; Goldstr; ● L. Heymann,"selbständige Handwerk! Kauft bei Eurem Bäcker- u. Konditormeister! ● Ph. Philipp – Großerstraße: ist ein [TREFFER] Judengeschäft [/TREFFER] . ● Autoruf 3404: H. Fiege, Goldstr. 21. ● L. Heymann – Hasestraße: ist ein"
30. Ausgaabe 1930.txt,Judengeschäft,Judengeschäft,● Bavaria-Kindl-Bräu; Goldener Saal; Bavaria-Café,H. Fiege; Goldstr; ● L. Heymann; Reichhaltiger Mittagstisch,"Judengeschäft. ● Autoruf 3404: H. Fiege, Goldstr. 21. ● L. Heymann – Hasestraße: ist ein [TREFFER] Judengeschäft [/TREFFER] . ● Bavaria-Kindl-Bräu und Goldener Saal: Reichhaltiger Mittagstisch von 1.25 Mk an. Bavaria-Café: Täglich humoristische"
30. Ausgaabe 1930.txt,Judengeschäft,Judengeschäft,,Hugo Mosbach; ● H. Krikus; Bierstr; ● Otto Loeb,"Schneidermeisterin, Möserstr. 42. Ausbildung im Zuschneiden und Nähen. ● Hugo Mosbach – Großerstraße: ist ein [TREFFER] Judengeschäft [/TREFFER] . ● H. Krikus, Bierstr. 37: Uhren-Bestecke-Trauringe kaufen Sie gut und preiswert. ● Otto Loeb"
30. Ausgaabe 1930.txt,Judengeschäft,Judengeschäft,,Bierstr; ● Otto Loeb; Bierstrasse; ● Hypothekengeld,Bierstr. 37: Uhren-Bestecke-Trauringe kaufen Sie gut und preiswert. ● Otto Loeb – Johannisstraße: ist ein [TREFFER] Judengeschäft [/TREFFER] . ● Kaffeehaus Widerhall: Bierstrasse 16. Jeden Sonntag Konzert. ● Hypothekengeld u. Kredite: an Beamte
30. Ausgaabe 1930.txt,Judengeschäft,Judengeschäft,● Markus & Co.; ● Gasthaus,Herbert Cröplin; Kamp; Franz Hülsmann,"Festbesoldete durch Herbert Cröplin, Kamp 40 c. ● Markus & Co. – Großerstraße: ist ein [TREFFER] Judengeschäft [/TREFFER] . ● Autoruf 3388: Vermietung auch an Selbstfahrer. ● Gasthaus zur Butenburg: Franz Hülsmann, Gr."
30. Ausgaabe 1930.txt,Judengeschäft,Judengeschäft,● Blank & Co.,Gr; ● H. Thode; Seminarstraße Ecke Lyrastr,"Gr. Gildewart 12. Fremdenzimmer Preis 2.50 RM. ● Blank & Co. – Großerstraße: ist ein [TREFFER] Judengeschäft [/TREFFER] . ● H. Thode, Maßgeschäft: Seminarstraße Ecke Lyrastr. Anfertigung la moderner Herren-Damenkleidung. ● Der „Stadt-Wächter“:"
30. Ausgaabe 1930.txt,Judengeschäft,Judengeschäft,● Alsberg & Co.,Anzeigenetat; Möbelvertrieb Heinr; Stranghöner,Anzeigenetat nicht an wertlose Ankündigungen in Tageszeitungen... ● Alsberg & Co. – Großerstraße: ist ein [TREFFER] Judengeschäft [/TREFFER] . ● Möbelvertrieb Heinr. Stranghöner: Augustenburgerstraße 4 und 5. Schlafzimmer ab 550 RM. ● Photograph
30. Ausgaabe 1930.txt,Judengeschäft,Judengeschäft,,● S. Wertheim; Rezept Dr. Schierbaum's; Lohstr,"16. Hochzeits-, Vereins-, Familienaufnahmen. ● Autovermietung: Telefon 5410. ● S. Wertheim – Großerstraße: ist ein [TREFFER] Judengeschäft [/TREFFER] . ● Echte Kräuterbonbons: nach Rezept Dr. Schierbaum's. Joh. Wollbrink, Lohstr. 19. PAGE 5 Seite"
31. Ausgabe 1930.txt,Judengeschäft-Marking,ist ein Judengeschäft,Handwerk!; ● Finkenstädt-Breusing; ● Alsberg & Co. — Großestraße,,Unterstützt das selbständige Handwerk! Kauft bei Eurem Bäcker- u. Konditormeister! ● Hugo Mosbach — Großestraße [TREFFER] ist ein Judengeschäft [/TREFFER] . ● Finkenstädt-Breusing nebenan ist ein christliches Geschäft. ● Alsberg & Co. — Großestraße ist
31. Ausgabe 1930.txt,Judengeschäft-Marking,ist ein Judengeschäft,● Finkenstädt-Breusing; ● Alsberg & Co. — Großestraße; ● Dehne & Sopp,● S. Wertheim,"ein Judengeschäft. ● Finkenstädt-Breusing nebenan ist ein christliches Geschäft. ● Alsberg & Co. — Großestraße [TREFFER] ist ein Judengeschäft [/TREFFER] . ● Dehne & Sopp nebenan, Großestraße 24/25, ist ein christliches Geschäft. ● S. Wertheim"
31. Ausgabe 1930.txt,Judengeschäft-Marking,ist ein Judengeschäft,Dehne & Sopp; ● Blank &,● S. Wertheim; ● W. Becker; Herrenteichstr,"Dehne & Sopp nebenan, Großestraße 24/25, ist ein christliches Geschäft. ● S. Wertheim — Großestraße [TREFFER] ist ein Judengeschäft [/TREFFER] . ● W. Becker, Herrenteichstr. 9/10 - Rosenplatz, ist ein christliches Geschäft. ● Blank &"
31. Ausgabe 1930.txt,Judengeschäft-Marking,ist ein Judengeschäft,● Blank & Co. — Großestraße; ● Finkenstädt-Breusing,Herrenteichstr; ● Emil Schönfeld,"Becker, Herrenteichstr. 9/10 - Rosenplatz, ist ein christliches Geschäft. ● Blank & Co. — Großestraße [TREFFER] ist ein Judengeschäft [/TREFFER] . ● Finkenstädt-Breusing nebenan ist ein christliches Geschäft. ● Emil Schönfeld — Großestraße ist ein"
31. Ausgabe 1930.txt,Judengeschäft-Marking,ist ein Judengeschäft,● Finkenstädt-Breusing,● Emil Schönfeld; ● Mantelhaus Strodthoff; ● Otto Loeb,"ist ein Judengeschäft. ● Finkenstädt-Breusing nebenan ist ein christliches Geschäft. ● Emil Schönfeld — Großestraße [TREFFER] ist ein Judengeschäft [/TREFFER] . ● Mantelhaus Strodthoff, Wittekindstraße 11, ist ein christliches Geschäft. ● Otto Loeb — Johannisstraße"
31. Ausgabe 1930.txt,Judengeschäft-Marking,ist ein Judengeschäft,,● Mantelhaus Strodthoff; ● Otto Loeb; Karoline Tweer,"Judengeschäft. ● Mantelhaus Strodthoff, Wittekindstraße 11, ist ein christliches Geschäft. ● Otto Loeb — Johannisstraße [TREFFER] ist ein Judengeschäft [/TREFFER] . ● Karoline Tweer, Johannisstraße 35, ist ein christliches Geschäft. ● Markus & Co. —"
31. Ausgabe 1930.txt,Judengeschäft-Marking,ist ein Judengeschäft,,● Karoline Tweer; ● Th; ● Samson David,"● Karoline Tweer, Johannisstraße 35, ist ein christliches Geschäft. ● Markus & Co. — Großestraße [TREFFER] ist ein Judengeschäft [/TREFFER] . ● Th. Kündahl, Großestraße 13, ist ein christliches Geschäft. ● Samson David — Krahnstraße"
31. Ausgabe 1930.txt,Judengeschäft-Marking,ist ein Judengeschäft,● Aug. Hammersen,● Th; ● Samson David; ● Ph; Philipp — Großestraße,"Judengeschäft. ● Th. Kündahl, Großestraße 13, ist ein christliches Geschäft. ● Samson David — Krahnstraße [TREFFER] ist ein Judengeschäft [/TREFFER] . ● Aug. Hammersen, Bierstraße 31, ist ein christliches Geschäft. ● Ph. Philipp — Großestraße"
31. Ausgabe 1930.txt,Judengeschäft-Marking,ist ein Judengeschäft,● Aug. Hammersen,● Ph; Philipp — Großestraße; ● Mantelhaus Strodthoff,"Judengeschäft. ● Aug. Hammersen, Bierstraße 31, ist ein christliches Geschäft. ● Ph. Philipp — Großestraße [TREFFER] ist ein Judengeschäft [/TREFFER] . ● Mantelhaus Strodthoff, Wittekindstraße 11, ist ein christliches Geschäft. Großer Saison-Ausverkauf Wir empfehlen unsern"
31. Ausgabe 1930.txt,Judengeschäft,Judengeschäft,Handwerk!; ● Finkenstädt-Breusing; ● Alsberg & Co. — Großestraße,,selbständige Handwerk! Kauft bei Eurem Bäcker- u. Konditormeister! ● Hugo Mosbach — Großestraße ist ein [TREFFER] Judengeschäft [/TREFFER] . ● Finkenstädt-Breusing nebenan ist ein christliches Geschäft. ● Alsberg & Co. — Großestraße ist
31. Ausgabe 1930.txt,Judengeschäft,Judengeschäft,● Finkenstädt-Breusing nebenan; ● Alsberg & Co. — Großestraße; ● Dehne & Sopp,● S. Wertheim,"● Finkenstädt-Breusing nebenan ist ein christliches Geschäft. ● Alsberg & Co. — Großestraße ist ein [TREFFER] Judengeschäft [/TREFFER] . ● Dehne & Sopp nebenan, Großestraße 24/25, ist ein christliches Geschäft. ● S. Wertheim"
31. Ausgabe 1930.txt,Judengeschäft,Judengeschäft,● Blank &,● S. Wertheim — Großestraße; ● W. Becker; Herrenteichstr,"Sopp nebenan, Großestraße 24/25, ist ein christliches Geschäft. ● S. Wertheim — Großestraße ist ein [TREFFER] Judengeschäft [/TREFFER] . ● W. Becker, Herrenteichstr. 9/10 - Rosenplatz, ist ein christliches Geschäft. ● Blank &"
31. Ausgabe 1930.txt,Judengeschäft,Judengeschäft,● Blank & Co. — Großestraße; ● Finkenstädt-Breusing,● Emil Schönfeld,"9/10 - Rosenplatz, ist ein christliches Geschäft. ● Blank & Co. — Großestraße ist ein [TREFFER] Judengeschäft [/TREFFER] . ● Finkenstädt-Breusing nebenan ist ein christliches Geschäft. ● Emil Schönfeld — Großestraße ist ein"
31. Ausgabe 1930.txt,Judengeschäft,Judengeschäft,● Finkenstädt-Breusing,● Emil Schönfeld; ● Mantelhaus Strodthoff; ● Otto Loeb,"Judengeschäft. ● Finkenstädt-Breusing nebenan ist ein christliches Geschäft. ● Emil Schönfeld — Großestraße ist ein [TREFFER] Judengeschäft [/TREFFER] . ● Mantelhaus Strodthoff, Wittekindstraße 11, ist ein christliches Geschäft. ● Otto Loeb — Johannisstraße"
31. Ausgabe 1930.txt,Judengeschäft,Judengeschäft,,Mantelhaus Strodthoff; ● Otto Loeb; Karoline Tweer,"Mantelhaus Strodthoff, Wittekindstraße 11, ist ein christliches Geschäft. ● Otto Loeb — Johannisstraße ist ein [TREFFER] Judengeschäft [/TREFFER] . ● Karoline Tweer, Johannisstraße 35, ist ein christliches Geschäft. ● Markus & Co. —"
31. Ausgabe 1930.txt,Judengeschäft,Judengeschäft,,Tweer; ● Th; ● Samson David,"Tweer, Johannisstraße 35, ist ein christliches Geschäft. ● Markus & Co. — Großestraße ist ein [TREFFER] Judengeschäft [/TREFFER] . ● Th. Kündahl, Großestraße 13, ist ein christliches Geschäft. ● Samson David — Krahnstraße"
31. Ausgabe 1930.txt,Judengeschäft,Judengeschäft,● Aug. Hammersen,Th; ● Samson David; ● Ph; Philipp — Großestraße,"Th. Kündahl, Großestraße 13, ist ein christliches Geschäft. ● Samson David — Krahnstraße ist ein [TREFFER] Judengeschäft [/TREFFER] . ● Aug. Hammersen, Bierstraße 31, ist ein christliches Geschäft. ● Ph. Philipp — Großestraße"
31. Ausgabe 1930.txt,Judengeschäft,Judengeschäft,Aug. Hammersen,● Ph; Philipp — Großestraße; ● Mantelhaus Strodthoff,"Aug. Hammersen, Bierstraße 31, ist ein christliches Geschäft. ● Ph. Philipp — Großestraße ist ein [TREFFER] Judengeschäft [/TREFFER] . ● Mantelhaus Strodthoff, Wittekindstraße 11, ist ein christliches Geschäft. Großer Saison-Ausverkauf Wir empfehlen unsern"
32. Ausgabe 1930.txt,Judengeschäft-Marking,ist ein Judengeschäft,● Finkenstädt-Breusing,● Ph; Philipp – Große Straße,der Geschäftsstelle des Amtsgerichts. Einzelhandels-Anzeigen (Auswahl der politisch-religiösen Kennzeichnungen): ● Hugo Mosbach – Große Straße [TREFFER] ist ein Judengeschäft [/TREFFER] . ● Finkenstädt-Breusing nebenan ist ein christliches Geschäft. ● Ph. Philipp – Große Straße ist
32. Ausgabe 1930.txt,Judengeschäft-Marking,ist ein Judengeschäft,● Finkenstädt-Breusing,● Ph; Philipp – Große Straße; ● Mantelhaus Strodthoff; ● Otto Loeb,ein Judengeschäft. ● Finkenstädt-Breusing nebenan ist ein christliches Geschäft. ● Ph. Philipp – Große Straße [TREFFER] ist ein Judengeschäft [/TREFFER] . ● Mantelhaus Strodthoff – Wittekindstraße 11 ist ein christliches Geschäft. ● Otto Loeb –
32. Ausgabe 1930.txt,Judengeschäft-Marking,ist ein Judengeschäft,,● Mantelhaus Strodthoff; ● Otto Loeb; Karoline Tweer; ● Emil Schönfeld,● Mantelhaus Strodthoff – Wittekindstraße 11 ist ein christliches Geschäft. ● Otto Loeb – Johannisstraße [TREFFER] ist ein Judengeschäft [/TREFFER] . ● Karoline Tweer – Johannisstraße 35 ist ein christliches Geschäft. ● Emil Schönfeld –
32. Ausgabe 1930.txt,Judengeschäft-Marking,ist ein Judengeschäft,● Alsberg & Co.,Karoline Tweer; ● Emil Schönfeld; ● Mantelhaus Strodthoff,Karoline Tweer – Johannisstraße 35 ist ein christliches Geschäft. ● Emil Schönfeld – Große Straße [TREFFER] ist ein Judengeschäft [/TREFFER] . ● Mantelhaus Strodthoff – Wittekindstraße 11 ist ein christliches Geschäft. ● Alsberg & Co.
32. Ausgabe 1930.txt,Judengeschäft-Marking,ist ein Judengeschäft,● Alsberg & Co. – Große Straße; ● Dehne & Sopp,,Strodthoff – Wittekindstraße 11 ist ein christliches Geschäft. ● Alsberg & Co. – Große Straße [TREFFER] ist ein Judengeschäft [/TREFFER] . ● Dehne & Sopp nebenan – Große Straße 24/25 ist ein christliches Geschäft. ●
32. Ausgabe 1930.txt,Judengeschäft-Marking,ist ein Judengeschäft,,● S. Wertheim,– Große Straße 24/25 ist ein christliches Geschäft. ● Markus & Co. – Große Straße [TREFFER] ist ein Judengeschäft [/TREFFER] . ● Th. Buchdahl – Große Straße 13 ist ein christliches Geschäft. ● S. Wertheim
32. Ausgabe 1930.txt,Judengeschäft-Marking,ist ein Judengeschäft,,● S. Wertheim; ● W. Becker; ● Blank,Buchdahl – Große Straße 13 ist ein christliches Geschäft. ● S. Wertheim – Große Straße [TREFFER] ist ein Judengeschäft [/TREFFER] . ● W. Becker – Herrenteichstr. 9/10 - Rosenplatz ist ein christliches Geschäft. ● Blank
32. Ausgabe 1930.txt,Judengeschäft-Marking,ist ein Judengeschäft,● Blank & Co. – Große Straße; ● Finkenstädt-Breusing,● Samson David,Herrenteichstr. 9/10 - Rosenplatz ist ein christliches Geschäft. ● Blank & Co. – Große Straße [TREFFER] ist ein Judengeschäft [/TREFFER] . ● Finkenstädt-Breusing nebenan ist ein christliches Geschäft. ● Samson David – Krahnstraße ist ein
32. Ausgabe 1930.txt,Judengeschäft-Marking,ist ein Judengeschäft,● Finkenstädt-Breusing; ● Aug. Hammersen,● Samson David,ist ein Judengeschäft. ● Finkenstädt-Breusing nebenan ist ein christliches Geschäft. ● Samson David – Krahnstraße [TREFFER] ist ein Judengeschäft [/TREFFER] . ● Aug. Hammersen – Bierstraße 31 ist ein christliches Geschäft. Weitere Anzeigen & Meldungen:
32. Ausgabe 1930.txt,Judengeschäft,Judengeschäft,● Finkenstädt-Breusing,● Ph; Philipp – Große Straße,des Amtsgerichts. Einzelhandels-Anzeigen (Auswahl der politisch-religiösen Kennzeichnungen): ● Hugo Mosbach – Große Straße ist ein [TREFFER] Judengeschäft [/TREFFER] . ● Finkenstädt-Breusing nebenan ist ein christliches Geschäft. ● Ph. Philipp – Große Straße ist
32. Ausgabe 1930.txt,Judengeschäft,Judengeschäft,● Finkenstädt-Breusing nebenan,● Ph; Philipp – Große Straße; ● Mantelhaus Strodthoff; ● Otto Loeb,● Finkenstädt-Breusing nebenan ist ein christliches Geschäft. ● Ph. Philipp – Große Straße ist ein [TREFFER] Judengeschäft [/TREFFER] . ● Mantelhaus Strodthoff – Wittekindstraße 11 ist ein christliches Geschäft. ● Otto Loeb –
32. Ausgabe 1930.txt,Judengeschäft,Judengeschäft,,● Otto Loeb; Karoline Tweer; ● Emil Schönfeld,Strodthoff – Wittekindstraße 11 ist ein christliches Geschäft. ● Otto Loeb – Johannisstraße ist ein [TREFFER] Judengeschäft [/TREFFER] . ● Karoline Tweer – Johannisstraße 35 ist ein christliches Geschäft. ● Emil Schönfeld –
32. Ausgabe 1930.txt,Judengeschäft,Judengeschäft,● Alsberg & Co.,● Emil Schönfeld; ● Mantelhaus Strodthoff,– Johannisstraße 35 ist ein christliches Geschäft. ● Emil Schönfeld – Große Straße ist ein [TREFFER] Judengeschäft [/TREFFER] . ● Mantelhaus Strodthoff – Wittekindstraße 11 ist ein christliches Geschäft. ● Alsberg & Co.
32. Ausgabe 1930.txt,Judengeschäft,Judengeschäft,● Alsberg & Co. – Große Straße; ● Dehne & Sopp,,Wittekindstraße 11 ist ein christliches Geschäft. ● Alsberg & Co. – Große Straße ist ein [TREFFER] Judengeschäft [/TREFFER] . ● Dehne & Sopp nebenan – Große Straße 24/25 ist ein christliches Geschäft. ●
32. Ausgabe 1930.txt,Judengeschäft,Judengeschäft,,● S. Wertheim,Straße 24/25 ist ein christliches Geschäft. ● Markus & Co. – Große Straße ist ein [TREFFER] Judengeschäft [/TREFFER] . ● Th. Buchdahl – Große Straße 13 ist ein christliches Geschäft. ● S. Wertheim
32. Ausgabe 1930.txt,Judengeschäft,Judengeschäft,,● S. Wertheim; ● W. Becker; ● Blank,Große Straße 13 ist ein christliches Geschäft. ● S. Wertheim – Große Straße ist ein [TREFFER] Judengeschäft [/TREFFER] . ● W. Becker – Herrenteichstr. 9/10 - Rosenplatz ist ein christliches Geschäft. ● Blank
32. Ausgabe 1930.txt,Judengeschäft,Judengeschäft,● Blank & Co. – Große Straße; ● Finkenstädt-Breusing,● Samson David,- Rosenplatz ist ein christliches Geschäft. ● Blank & Co. – Große Straße ist ein [TREFFER] Judengeschäft [/TREFFER] . ● Finkenstädt-Breusing nebenan ist ein christliches Geschäft. ● Samson David – Krahnstraße ist ein
32. Ausgabe 1930.txt,Judengeschäft,Judengeschäft,● Finkenstädt-Breusing; ● Aug. Hammersen,● Samson David,Judengeschäft. ● Finkenstädt-Breusing nebenan ist ein christliches Geschäft. ● Samson David – Krahnstraße ist ein [TREFFER] Judengeschäft [/TREFFER] . ● Aug. Hammersen – Bierstraße 31 ist ein christliches Geschäft. Weitere Anzeigen & Meldungen:
33. Ausgabe 1930.txt,Judengeschäft-Marking,ist ein Judengeschäft,● Finkenstädt-Breusing,● W. Becker; Herrenteichstr; Hugo Mosbach; Großestr; ● S. Wertheim,"einschlägigen Geschäften. ● W. Becker, Herrenteichstr. 9/10: ist ein christliches Geschäft. ● Hugo Mosbach, Großestr.: [TREFFER] ist ein Judengeschäft [/TREFFER] . ● Finkenstädt-Breusing, nebenan: ist ein christliches Geschäft. ● S. Wertheim, Großestr.: ist ein Judengeschäft."
33. Ausgabe 1930.txt,Judengeschäft-Marking,ist ein Judengeschäft,● Finkenstädt-Breusing; ● Heinr,Großestr; ● S. Wertheim; Großestr; ● L. Heymann,"Großestr.: ist ein Judengeschäft. ● Finkenstädt-Breusing, nebenan: ist ein christliches Geschäft. ● S. Wertheim, Großestr.: [TREFFER] ist ein Judengeschäft [/TREFFER] . ● L. Heymann, Hasestr.: ist ein Judengeschäft. ● Heinr. Welp, Hasestraße 11–15: ist ein"
33. Ausgabe 1930.txt,Judengeschäft-Marking,ist ein Judengeschäft,● Heinr,● S. Wertheim; ● L. Heymann; Hasestr; Großestr,"ist ein christliches Geschäft. ● S. Wertheim, Großestr.: ist ein Judengeschäft. ● L. Heymann, Hasestr.: [TREFFER] ist ein Judengeschäft [/TREFFER] . ● Heinr. Welp, Hasestraße 11–15: ist ein christliches Geschäft. ● Markus & Co., Großestr.:"
33. Ausgabe 1930.txt,Judengeschäft-Marking,ist ein Judengeschäft,● Heinr,Großestr; ● Th; ● Emil Schönfeld; Großestr,"Judengeschäft. ● Heinr. Welp, Hasestraße 11–15: ist ein christliches Geschäft. ● Markus & Co., Großestr.: [TREFFER] ist ein Judengeschäft [/TREFFER] . ● Th. Kündahl, Großestraße 13: ist ein christliches Geschäft. ● Emil Schönfeld, Großestr.: ist"
33. Ausgabe 1930.txt,Judengeschäft-Marking,ist ein Judengeschäft,,● Th; ● Emil Schönfeld; Großestr; ● Mantelhaus Strodthoff; ● Otto Loeb; Johannisstr,"ein Judengeschäft. ● Th. Kündahl, Großestraße 13: ist ein christliches Geschäft. ● Emil Schönfeld, Großestr.: [TREFFER] ist ein Judengeschäft [/TREFFER] . ● Mantelhaus Strodthoff, Wittekindstraße 1: ist ein christliches Geschäft. ● Otto Loeb, Johannisstr.: ist"
33. Ausgabe 1930.txt,Judengeschäft-Marking,ist ein Judengeschäft,● Blank & Co.,● Mantelhaus Strodthoff; ● Otto Loeb; Johannisstr; Karoline Tweer; Großestr,"ein Judengeschäft. ● Mantelhaus Strodthoff, Wittekindstraße 1: ist ein christliches Geschäft. ● Otto Loeb, Johannisstr.: [TREFFER] ist ein Judengeschäft [/TREFFER] . ● Karoline Tweer, Johannisstraße 35: ist ein christliches Geschäft. ● Blank & Co., Großestr.:"
33. Ausgabe 1930.txt,Judengeschäft-Marking,ist ein Judengeschäft,● Blank & Co.; ● Alsberg & Co.,● Karoline Tweer; Großestr; ● Ph; Philipp; Großestr; Großestr,"Judengeschäft. ● Karoline Tweer, Johannisstraße 35: ist ein christliches Geschäft. ● Blank & Co., Großestr.: [TREFFER] ist ein Judengeschäft [/TREFFER] . ● Ph. Philipp, Großestr.: ist ein Judengeschäft. ● Alsberg & Co., Großestr.: ist ein"
33. Ausgabe 1930.txt,Judengeschäft-Marking,ist ein Judengeschäft,● Blank & Co.; ● Alsberg & Co.; ● Dehne & Sepp,Großestr; ● Ph; Philipp; Großestr; Großestr,"ein christliches Geschäft. ● Blank & Co., Großestr.: ist ein Judengeschäft. ● Ph. Philipp, Großestr.: [TREFFER] ist ein Judengeschäft [/TREFFER] . ● Alsberg & Co., Großestr.: ist ein Judengeschäft. ● Dehne & Sepp, nebenan Großestraße"
33. Ausgabe 1930.txt,Judengeschäft-Marking,ist ein Judengeschäft,● Alsberg & Co.; ● Dehne & Sepp,● Ph; Philipp; Großestr; Großestr; ● Samson David,"ist ein Judengeschäft. ● Ph. Philipp, Großestr.: ist ein Judengeschäft. ● Alsberg & Co., Großestr.: [TREFFER] ist ein Judengeschäft [/TREFFER] . ● Dehne & Sepp, nebenan Großestraße 24/25: ist ein christliches Geschäft. ● Samson David,"
33. Ausgabe 1930.txt,Judengeschäft-Marking,ist ein Judengeschäft,● Dehne & Sepp; ● Aug. Hammersen,● Samson David,"● Dehne & Sepp, nebenan Großestraße 24/25: ist ein christliches Geschäft. ● Samson David, Krahnstr.: [TREFFER] ist ein Judengeschäft [/TREFFER] . ● Aug. Hammersen, Bierstraße 31: ist ein christliches Geschäft. Weitere Anzeigen: ● Spar- und"
33. Ausgabe 1930.txt,Judengeschäft,Judengeschäft,● Finkenstädt-Breusing,● W. Becker; Herrenteichstr; Hugo Mosbach; ● S. Wertheim,"● W. Becker, Herrenteichstr. 9/10: ist ein christliches Geschäft. ● Hugo Mosbach, Großestr.: ist ein [TREFFER] Judengeschäft [/TREFFER] . ● Finkenstädt-Breusing, nebenan: ist ein christliches Geschäft. ● S. Wertheim, Großestr.: ist ein Judengeschäft."
33. Ausgabe 1930.txt,Judengeschäft,Judengeschäft,● Finkenstädt-Breusing; ● Heinr,● S. Wertheim; ● L. Heymann,"ein Judengeschäft. ● Finkenstädt-Breusing, nebenan: ist ein christliches Geschäft. ● S. Wertheim, Großestr.: ist ein [TREFFER] Judengeschäft [/TREFFER] . ● L. Heymann, Hasestr.: ist ein Judengeschäft. ● Heinr. Welp, Hasestraße 11–15: ist ein"
33. Ausgabe 1930.txt,Judengeschäft,Judengeschäft,● Heinr,● S. Wertheim; ● L. Heymann; Großestr,"christliches Geschäft. ● S. Wertheim, Großestr.: ist ein Judengeschäft. ● L. Heymann, Hasestr.: ist ein [TREFFER] Judengeschäft [/TREFFER] . ● Heinr. Welp, Hasestraße 11–15: ist ein christliches Geschäft. ● Markus & Co., Großestr.:"
33. Ausgabe 1930.txt,Judengeschäft,Judengeschäft,,Großestr; ● Th; ● Emil Schönfeld; Großestr,"Heinr. Welp, Hasestraße 11–15: ist ein christliches Geschäft. ● Markus & Co., Großestr.: ist ein [TREFFER] Judengeschäft [/TREFFER] . ● Th. Kündahl, Großestraße 13: ist ein christliches Geschäft. ● Emil Schönfeld, Großestr.: ist"
33. Ausgabe 1930.txt,Judengeschäft,Judengeschäft,,● Emil Schönfeld; Großestr; ● Mantelhaus Strodthoff; ● Otto Loeb; Johannisstr,"● Th. Kündahl, Großestraße 13: ist ein christliches Geschäft. ● Emil Schönfeld, Großestr.: ist ein [TREFFER] Judengeschäft [/TREFFER] . ● Mantelhaus Strodthoff, Wittekindstraße 1: ist ein christliches Geschäft. ● Otto Loeb, Johannisstr.: ist"
33. Ausgabe 1930.txt,Judengeschäft,Judengeschäft,● Blank & Co.,● Mantelhaus Strodthoff; ● Otto Loeb; Johannisstr; Karoline Tweer; Großestr,"● Mantelhaus Strodthoff, Wittekindstraße 1: ist ein christliches Geschäft. ● Otto Loeb, Johannisstr.: ist ein [TREFFER] Judengeschäft [/TREFFER] . ● Karoline Tweer, Johannisstraße 35: ist ein christliches Geschäft. ● Blank & Co., Großestr.:"
33. Ausgabe 1930.txt,Judengeschäft,Judengeschäft,● Blank & Co.; ● Alsberg & Co.,Karoline Tweer; Großestr; ● Ph; Philipp; Großestr; Großestr,"Karoline Tweer, Johannisstraße 35: ist ein christliches Geschäft. ● Blank & Co., Großestr.: ist ein [TREFFER] Judengeschäft [/TREFFER] . ● Ph. Philipp, Großestr.: ist ein Judengeschäft. ● Alsberg & Co., Großestr.: ist ein"
33. Ausgabe 1930.txt,Judengeschäft,Judengeschäft,● Blank & Co.; ● Alsberg & Co.; ● Dehne & Sepp,Großestr; ● Ph; Philipp; Großestr; Großestr,"Geschäft. ● Blank & Co., Großestr.: ist ein Judengeschäft. ● Ph. Philipp, Großestr.: ist ein [TREFFER] Judengeschäft [/TREFFER] . ● Alsberg & Co., Großestr.: ist ein Judengeschäft. ● Dehne & Sepp, nebenan Großestraße"
33. Ausgabe 1930.txt,Judengeschäft,Judengeschäft,● Alsberg & Co.; ● Dehne & Sepp,● Ph; Philipp; Großestr; Großestr; ● Samson David,"Judengeschäft. ● Ph. Philipp, Großestr.: ist ein Judengeschäft. ● Alsberg & Co., Großestr.: ist ein [TREFFER] Judengeschäft [/TREFFER] . ● Dehne & Sepp, nebenan Großestraße 24/25: ist ein christliches Geschäft. ● Samson David,"
33. Ausgabe 1930.txt,Judengeschäft,Judengeschäft,● Aug. Hammersen,● Samson David,"& Sepp, nebenan Großestraße 24/25: ist ein christliches Geschäft. ● Samson David, Krahnstr.: ist ein [TREFFER] Judengeschäft [/TREFFER] . ● Aug. Hammersen, Bierstraße 31: ist ein christliches Geschäft. Weitere Anzeigen: ● Spar- und"
34. Ausgabe 1930.txt,Judengeschäft-Marking,ist ein Judengeschäft,,● Emil Schönfeld; Großestr; ● L. Heymann; ● S. Wertheim,Gelegenheit zum Einkauf von Aussteuern. Dies ist ein christliches Geschäft. ● Emil Schönfeld – Großestr. [TREFFER] ist ein Judengeschäft [/TREFFER] . ● L. Heymann – Hasestr. ist ein Judengeschäft. ● S. Wertheim – Großestr. ist
34. Ausgabe 1930.txt,Judengeschäft-Marking,ist ein Judengeschäft,,● Emil Schönfeld; Großestr; ● L. Heymann – Hasestr; ● S. Wertheim; Hugo Mosbach; Großestr,christliches Geschäft. ● Emil Schönfeld – Großestr. ist ein Judengeschäft. ● L. Heymann – Hasestr. [TREFFER] ist ein Judengeschäft [/TREFFER] . ● S. Wertheim – Großestr. ist ein Judengeschäft. ● Hugo Mosbach – Großestr. ist
34. Ausgabe 1930.txt,Judengeschäft-Marking,ist ein Judengeschäft,,● L. Heymann – Hasestr; ● S. Wertheim; Hugo Mosbach; Großestr,ein Judengeschäft. ● L. Heymann – Hasestr. ist ein Judengeschäft. ● S. Wertheim – Großestr. [TREFFER] ist ein Judengeschäft [/TREFFER] . ● Hugo Mosbach – Großestr. ist ein Judengeschäft. ● Markus & Co. – Großestr.
34. Ausgabe 1930.txt,Judengeschäft-Marking,ist ein Judengeschäft,● Blank & Co.,● S. Wertheim; Hugo Mosbach; Großestr,ein Judengeschäft. ● S. Wertheim – Großestr. ist ein Judengeschäft. ● Hugo Mosbach – Großestr. [TREFFER] ist ein Judengeschäft [/TREFFER] . ● Markus & Co. – Großestr. ist ein Judengeschäft. ● Blank & Co. –
34. Ausgabe 1930.txt,Judengeschäft-Marking,ist ein Judengeschäft,● Blank & Co. – Großestr,Hugo Mosbach; Großestr; ● Samson David,Judengeschäft. ● Hugo Mosbach – Großestr. ist ein Judengeschäft. ● Markus & Co. – Großestr. [TREFFER] ist ein Judengeschäft [/TREFFER] . ● Blank & Co. – Großestr. ist ein Judengeschäft. ● Samson David – Krahnstr.
34. Ausgabe 1930.txt,Judengeschäft-Marking,ist ein Judengeschäft,● Markus & Co. – Großestr; ● Blank & Co. – Großestr; ● Alsberg & Co. – Großestr,● Samson David,● Markus & Co. – Großestr. ist ein Judengeschäft. ● Blank & Co. – Großestr. [TREFFER] ist ein Judengeschäft [/TREFFER] . ● Samson David – Krahnstr. ist ein Judengeschäft. ● Alsberg & Co. – Großestr.
34. Ausgabe 1930.txt,Judengeschäft-Marking,ist ein Judengeschäft,● Blank & Co. – Großestr; ● Alsberg & Co. – Großestr,● Samson David; ● Ph; Philipp – Großestr,Judengeschäft. ● Blank & Co. – Großestr. ist ein Judengeschäft. ● Samson David – Krahnstr. [TREFFER] ist ein Judengeschäft [/TREFFER] . ● Alsberg & Co. – Großestr. ist ein Judengeschäft. ● Ph. Philipp – Großestr.
34. Ausgabe 1930.txt,Judengeschäft-Marking,ist ein Judengeschäft,● Alsberg & Co. – Großestr,● Samson David; ● Ph; Philipp – Großestr; ● Otto Loeb,Judengeschäft. ● Samson David – Krahnstr. ist ein Judengeschäft. ● Alsberg & Co. – Großestr. [TREFFER] ist ein Judengeschäft [/TREFFER] . ● Ph. Philipp – Großestr. ist ein Judengeschäft. ● Otto Loeb – Johannisstr. ist
34. Ausgabe 1930.txt,Judengeschäft-Marking,ist ein Judengeschäft,● Alsberg & Co. – Großestr,● Ph; Philipp – Großestr; ● Otto Loeb; ● Mantelhaus Strodthoff,"Judengeschäft. ● Alsberg & Co. – Großestr. ist ein Judengeschäft. ● Ph. Philipp – Großestr. [TREFFER] ist ein Judengeschäft [/TREFFER] . ● Otto Loeb – Johannisstr. ist ein Judengeschäft. ● Mantelhaus Strodthoff, Wittekindstraße 1. ist"
34. Ausgabe 1930.txt,Judengeschäft-Marking,ist ein Judengeschäft,● Heinr; Welp,● Ph; Philipp – Großestr; ● Otto Loeb; ● Mantelhaus Strodthoff,"ein Judengeschäft. ● Ph. Philipp – Großestr. ist ein Judengeschäft. ● Otto Loeb – Johannisstr. [TREFFER] ist ein Judengeschäft [/TREFFER] . ● Mantelhaus Strodthoff, Wittekindstraße 1. ist ein christliches Geschäft. ● Heinr. Welp, Hasestraße 11-15."
34. Ausgabe 1930.txt,Judengeschäft,Judengeschäft,,● Emil Schönfeld; Großestr; ● L. Heymann; ● S. Wertheim,Einkauf von Aussteuern. Dies ist ein christliches Geschäft. ● Emil Schönfeld – Großestr. ist ein [TREFFER] Judengeschäft [/TREFFER] . ● L. Heymann – Hasestr. ist ein Judengeschäft. ● S. Wertheim – Großestr. ist
34. Ausgabe 1930.txt,Judengeschäft,Judengeschäft,,● Emil Schönfeld; Großestr; ● L. Heymann – Hasestr; ● S. Wertheim; Hugo Mosbach; Großestr,● Emil Schönfeld – Großestr. ist ein Judengeschäft. ● L. Heymann – Hasestr. ist ein [TREFFER] Judengeschäft [/TREFFER] . ● S. Wertheim – Großestr. ist ein Judengeschäft. ● Hugo Mosbach – Großestr. ist
34. Ausgabe 1930.txt,Judengeschäft,Judengeschäft,,● L. Heymann; ● S. Wertheim; Hugo Mosbach; Großestr,● L. Heymann – Hasestr. ist ein Judengeschäft. ● S. Wertheim – Großestr. ist ein [TREFFER] Judengeschäft [/TREFFER] . ● Hugo Mosbach – Großestr. ist ein Judengeschäft. ● Markus & Co. – Großestr.
34. Ausgabe 1930.txt,Judengeschäft,Judengeschäft,● Blank & Co.,● S. Wertheim; Hugo Mosbach; Großestr,● S. Wertheim – Großestr. ist ein Judengeschäft. ● Hugo Mosbach – Großestr. ist ein [TREFFER] Judengeschäft [/TREFFER] . ● Markus & Co. – Großestr. ist ein Judengeschäft. ● Blank & Co. –
34. Ausgabe 1930.txt,Judengeschäft,Judengeschäft,● Blank & Co. – Großestr,Hugo Mosbach; Großestr; ● Samson David,Hugo Mosbach – Großestr. ist ein Judengeschäft. ● Markus & Co. – Großestr. ist ein [TREFFER] Judengeschäft [/TREFFER] . ● Blank & Co. – Großestr. ist ein Judengeschäft. ● Samson David – Krahnstr.
34. Ausgabe 1930.txt,Judengeschäft,Judengeschäft,● Blank & Co. – Großestr; ● Alsberg & Co. – Großestr,● Samson David,& Co. – Großestr. ist ein Judengeschäft. ● Blank & Co. – Großestr. ist ein [TREFFER] Judengeschäft [/TREFFER] . ● Samson David – Krahnstr. ist ein Judengeschäft. ● Alsberg & Co. – Großestr.
34. Ausgabe 1930.txt,Judengeschäft,Judengeschäft,Blank & Co. – Großestr; ● Alsberg & Co. – Großestr,● Samson David; ● Ph; Philipp – Großestr,Blank & Co. – Großestr. ist ein Judengeschäft. ● Samson David – Krahnstr. ist ein [TREFFER] Judengeschäft [/TREFFER] . ● Alsberg & Co. – Großestr. ist ein Judengeschäft. ● Ph. Philipp – Großestr.
34. Ausgabe 1930.txt,Judengeschäft,Judengeschäft,● Alsberg & Co. – Großestr,Samson David; ● Ph; Philipp – Großestr; ● Otto Loeb,Samson David – Krahnstr. ist ein Judengeschäft. ● Alsberg & Co. – Großestr. ist ein [TREFFER] Judengeschäft [/TREFFER] . ● Ph. Philipp – Großestr. ist ein Judengeschäft. ● Otto Loeb – Johannisstr. ist
34. Ausgabe 1930.txt,Judengeschäft,Judengeschäft,Alsberg & Co. – Großestr,● Ph; Philipp – Großestr; ● Otto Loeb; ● Mantelhaus Strodthoff,"Alsberg & Co. – Großestr. ist ein Judengeschäft. ● Ph. Philipp – Großestr. ist ein [TREFFER] Judengeschäft [/TREFFER] . ● Otto Loeb – Johannisstr. ist ein Judengeschäft. ● Mantelhaus Strodthoff, Wittekindstraße 1. ist"
34. Ausgabe 1930.txt,Judengeschäft,Judengeschäft,● Heinr; Welp,Philipp – Großestr; ● Otto Loeb; ● Mantelhaus Strodthoff,"● Ph. Philipp – Großestr. ist ein Judengeschäft. ● Otto Loeb – Johannisstr. ist ein [TREFFER] Judengeschäft [/TREFFER] . ● Mantelhaus Strodthoff, Wittekindstraße 1. ist ein christliches Geschäft. ● Heinr. Welp, Hasestraße 11-15."
36. Ausgabe 1930.txt,Judengeschäft-Marking,ist ein Judengeschäft,,Christlich): ● Großestr; Hugo Mosbach; Großestr,"Mellerstraße 95. Fernruf 2283. Spezialfirma für Zentral-Heizung. Anzeigen zur Geschäftswelt (Gegenüberstellung Jüdisch/Christlich): ● Großestr. 1 [TREFFER] ist ein Judengeschäft [/TREFFER] . / Finkenstädt-Breusing nebenan ist ein christliches Geschäft. ● Hugo Mosbach, Großestr. ist ein Judengeschäft."
36. Ausgabe 1930.txt,Judengeschäft-Marking,ist ein Judengeschäft,● Alsberg & Co.,Hugo Mosbach; Großestr; Großestr,"1 ist ein Judengeschäft. / Finkenstädt-Breusing nebenan ist ein christliches Geschäft. ● Hugo Mosbach, Großestr. [TREFFER] ist ein Judengeschäft [/TREFFER] . / Finkenstädt-Breusing nebenan ist ein christliches Geschäft. ● Alsberg & Co., Großestr. ist ein"
36. Ausgabe 1930.txt,Judengeschäft-Marking,ist ein Judengeschäft,● Alsberg & Co.; Dehne & Sopp,Großestr; ● Otto,"ist ein Judengeschäft. / Finkenstädt-Breusing nebenan ist ein christliches Geschäft. ● Alsberg & Co., Großestr. [TREFFER] ist ein Judengeschäft [/TREFFER] . / Dehne & Sopp nebenan, Große Straße 24/25, ist ein christliches Geschäft. ● Otto"
36. Ausgabe 1930.txt,Judengeschäft-Marking,ist ein Judengeschäft,Dehne & Sopp,● Otto Loeb; Johannisstr; Karoline Tweer; ● S. Wertheim; Großestr,"Dehne & Sopp nebenan, Große Straße 24/25, ist ein christliches Geschäft. ● Otto Loeb, Johannisstr. [TREFFER] ist ein Judengeschäft [/TREFFER] . / Karoline Tweer, Johannisstraße 35, ist ein christliches Geschäft. ● S. Wertheim, Großestr. ist"
36. Ausgabe 1930.txt,Judengeschäft-Marking,ist ein Judengeschäft,,Karoline Tweer; ● S. Wertheim; Großestr; W. Becker; Herrenteichstr,"ein Judengeschäft. / Karoline Tweer, Johannisstraße 35, ist ein christliches Geschäft. ● S. Wertheim, Großestr. [TREFFER] ist ein Judengeschäft [/TREFFER] . / W. Becker, Herrenteichstr. 9/10 - Rosenplatz, ist ein christliches Geschäft. Private Näh- und"
36. Ausgabe 1930.txt,Judengeschäft,Judengeschäft,,Christlich): ● Großestr; Hugo Mosbach; Großestr,"Fernruf 2283. Spezialfirma für Zentral-Heizung. Anzeigen zur Geschäftswelt (Gegenüberstellung Jüdisch/Christlich): ● Großestr. 1 ist ein [TREFFER] Judengeschäft [/TREFFER] . / Finkenstädt-Breusing nebenan ist ein christliches Geschäft. ● Hugo Mosbach, Großestr. ist ein Judengeschäft."
36. Ausgabe 1930.txt,Judengeschäft,Judengeschäft,● Alsberg & Co.,Hugo Mosbach; Großestr,"ein Judengeschäft. / Finkenstädt-Breusing nebenan ist ein christliches Geschäft. ● Hugo Mosbach, Großestr. ist ein [TREFFER] Judengeschäft [/TREFFER] . / Finkenstädt-Breusing nebenan ist ein christliches Geschäft. ● Alsberg & Co., Großestr. ist ein"
36. Ausgabe 1930.txt,Judengeschäft,Judengeschäft,● Alsberg & Co.; Dehne & Sopp,Großestr; ● Otto,"Judengeschäft. / Finkenstädt-Breusing nebenan ist ein christliches Geschäft. ● Alsberg & Co., Großestr. ist ein [TREFFER] Judengeschäft [/TREFFER] . / Dehne & Sopp nebenan, Große Straße 24/25, ist ein christliches Geschäft. ● Otto"
36. Ausgabe 1930.txt,Judengeschäft,Judengeschäft,,● Otto Loeb; Johannisstr; Karoline Tweer; ● S. Wertheim; Großestr,"Sopp nebenan, Große Straße 24/25, ist ein christliches Geschäft. ● Otto Loeb, Johannisstr. ist ein [TREFFER] Judengeschäft [/TREFFER] . / Karoline Tweer, Johannisstraße 35, ist ein christliches Geschäft. ● S. Wertheim, Großestr. ist"
36. Ausgabe 1930.txt,Judengeschäft,Judengeschäft,,Karoline Tweer; ● S. Wertheim; Großestr; W. Becker; Herrenteichstr,"/ Karoline Tweer, Johannisstraße 35, ist ein christliches Geschäft. ● S. Wertheim, Großestr. ist ein [TREFFER] Judengeschäft [/TREFFER] . / W. Becker, Herrenteichstr. 9/10 - Rosenplatz, ist ein christliches Geschäft. Private Näh- und"
38. Ausgabe 1930.txt,Juden-Firmen-Liste,Juden-Firmen,Markus & Co.,Hugo Mosbach; Max Blank; S. Alsberg; S. Wertheim; Emil Schönfeld; Ph,"Johanniskirche, und Bramscherstraße 191 zu jeder Zeit). Das Landgericht Osnabrück hat auf Antrag folgender 11 [TREFFER] Juden-Firmen [/TREFFER] : Hugo Mosbach, Max Blank, S. Alsberg, Markus & Co., S. Wertheim, Emil Schönfeld, Ph."
44. Ausgabe 1930.txt,jüdisch+Geschäftsbegriff,jüdische Warenhaus,,Aufmarsch,und Donnerstag Nachmittag 4 Uhr. Aufmarsch der pazifistischen Verräter Wie wird man Osnabrücker Verkehrsdirektor? Das [TREFFER] jüdische Warenhaus [/TREFFER] Tietz mächtiger als der Erzbischof von Köln — Der Kampf gegen das schwarz-rot verseuchte Preußen
45. Ausgabe 1930.txt,jüdisch+Geschäftsbegriff,jüdischen Warenhaus,,,"Cl. K., Osnabrück: Wir können Ihrem Wunsche, die Namen der Beamtenfrauen zu veröffentlichen, die im [TREFFER] jüdischen Warenhaus [/TREFFER] Alsberg kaufen, nicht entsprechen. Es muß dem Einzelnen unbenommen bleiben, seinen Bedarf da zu decken,"
48. Ausgabe 1930.txt,jüdisch+Geschäftsbegriff,jüdische Warenhaus,,Hugo Mosbach,"Juden-Invasion größeren Ausmaßes gehabt haben. Hugo Mosbach feiert sein zwanzigjähriges Bestehen, und nun rückt das [TREFFER] jüdische Warenhaus [/TREFFER] Alsberg an und verkündet sein Jubiläum. Vielleicht kommen vor Weihnachten noch ein halbes Dutzend andere."
49. Ausgabe 1930.txt,jüdisch+Geschäftsbegriff,"jüdischen
Warenhaus",,,"„Kulturschande des Antisemitismus“ mitunterzeichnet hat. Dieser Kaplan Fahsel, ein Vielredner, bringt durch seine Anreißertätigkeit im [TREFFER] jüdischen
Warenhaus [/TREFFER] die ganze katholische Geistlichkeit der uneingeweihten Öffentlichkeit gegenüber in schweren Mißkredit. Die Öffentlichkeit ist nämlich"
52. Ausgabe 1930.txt,Judengeschäft,Judengeschäft,,,"Gewinn von Gratisreifen. Die anderen Judengeschäfte werden durch Dich immer leerer, und in dieses neue [TREFFER] Judengeschäft [/TREFFER] bringen die Christen das Geld in Massen. Aber die billigen Hüte aus den Fenstern und"
59. Ausgabe 1930.txt,jüdisch+Geschäftsbegriff,jüdisches Geschäft,,,"nachdrücklichst darauf hinzuweisen, daß sie bei ihr nicht bekannten Käufern weitgehende Vorsicht üben muß. Ein [TREFFER] jüdisches Geschäft [/TREFFER] – Sie laufen zum Reichskanzler. Im „Montag Morgen“ und in der nicht minder jüdischen „Volkszeitung“"
61. Ausgabe 1930.txt,jüdisch+Geschäftsbegriff,jüdische Firma,,,"energisch verbitten, wenn die Judenschaft christliche Symbole zum Kundenfang benutzt. Wir werden in Zukunft jede [TREFFER] jüdische Firma [/TREFFER] anprangern, die es überhaupt nur wagt, im Schaufenster oder bei der Ausstattung der Waren Dinge"
61. Ausgabe 1930.txt,Anprangerung,jüdische Firma anprangern,,,"energisch verbitten, wenn die Judenschaft christliche Symbole zum Kundenfang benutzt. Wir werden in Zukunft jede [TREFFER] jüdische Firma anprangern [/TREFFER] , die es überhaupt nur wagt, im Schaufenster oder bei der Ausstattung der Waren Dinge"
62. Ausgabe 1930.txt,Judenladen,Judenladen,Judenladen,Jakobs Söhnen,"Stamm / Alles, was recht feist und stramm. / Manches hübsche Menschenkind / Man im [TREFFER] Judenladen [/TREFFER] find, / Doch die Schönsten von den Schönen / Die findet man bei Jakobs Söhnen"
OCR 11 komplett.txt,jüdisch+Geschäftsbegriff,jüdisches Warenhaus,,,"Bestrafung der beiden ungetreuen Beamten legte! Man braucht sich über nichts mehr zu wundern. Ein [TREFFER] jüdisches Warenhaus [/TREFFER] auf der Großenstraße nennt sich in einer Annonce in den hiesigen Blättern „billig und gut“,"
OCR 19. Ausgabe korrekt.txt,jüdisch+Geschäftsbegriff,jüdischen Firma,Juden Falk,,"die Stadtverordnetenwahlen aufzustellen, hat es tatsächlich ein Teilnehmer fertig gebracht, den Juden Falk, Mitinhaber der [TREFFER] jüdischen Firma [/TREFFER] Alsberg & Co., als Kandidaten vorzuschlagen. Hat man da noch Worte? Es ist doch einfach"
OCR 23. Ausgabe.txt,Boykottparole,Kauft nicht bei Jude,,Hochachtungsvoll,"machen an dem Herbstneujahr und Versöhnungstag ihre Schachergeschäfte auf; denn Geld ist beim Juden alles. [TREFFER] Kauft nicht bei Jude [/TREFFER] n! Möge Ihr Ruf, geehrte Redaktion, überall befolgt werden. Hochachtungsvoll Ein Osnabrücker Christ. [Artikel 6]"
OCR 27. Ausgabe.txt,jüdisch+Geschäftsbegriff,jüdischen Firma,,,"Die Stadtverwaltung Berlin hat also ein Wertobjekt von 250 Millionen für 368 000 Mark einer [TREFFER] jüdischen Firma [/TREFFER] verkuppelt. Aus jedem Arbeiter, Gewerbetreibenden und Angestellten preßt Staat, Stadt und Gemeinde horrende Steuern heraus,"
OCR 33. Ausgabe.txt,jüdisch+Geschäftsbegriff,jüdisches Geschäft,,,"zu Weihnachten erwarten, im Sinne der Selbsterhaltung des Festes. Dabei gibt es kein Warenhaus und [TREFFER] jüdisches Geschäft [/TREFFER] , das in der Lage noch gesonnen ist, seine meist minderwertige Ware billiger zu verkaufen"
OCR 33. Ausgabe.txt,jüdisch+Geschäftsbegriff,jüdische Firma,,,"dafür ein Osnabrücker Beispiel: Eine große Kristallwarenfabrik lieferte einige sehr gangbare Artikel bisher an die [TREFFER] jüdische Firma [/TREFFER] Wertheim, Große Straße, sowie an ein kleineres Geschäft in der Johannisstraße. Als der Vertreter besagter"
OCR 35. Ausgabe .txt,jüdisch+Geschäftsbegriff,jüdisches Warenhaus,,,"sich keine teuren Schirme leisten können, haben die kleinen Spezialgeschäfte großen Schaden. Würde nun ein [TREFFER] jüdisches Warenhaus [/TREFFER] in dieser geradezu schäbigen Weise vorgehen, so wäre das für uns wohl verständlich, daß aber"
