Dateiname,Topic_ID,Wahrscheinlichkeit
01. Ausgabe 1930.txt,tm-de-all-v2.0_tp15_de,0.045
01. Ausgabe 1930.txt,tm-de-all-v2.0_tp89_de,0.045
01. Ausgabe 1930.txt,tm-de-all-v2.0_tp58_de,0.045
01. Ausgabe 1930.txt,tm-de-all-v2.0_tp26_de,0.027
01. Ausgabe 1930.txt,tm-de-all-v2.0_tp11_de,0.027
01. Ausgabe 1930.txt,tm-de-all-v2.0_tp85_de,0.027
01. Ausgabe 1931-1.txt,tm-de-all-v2.0_tp15_de,0.045
01. Ausgabe 1931-1.txt,tm-de-all-v2.0_tp89_de,0.045
01. Ausgabe 1931-1.txt,tm-de-all-v2.0_tp58_de,0.045
01. Ausgabe 1931-1.txt,tm-de-all-v2.0_tp26_de,0.027
01. Ausgabe 1931-1.txt,tm-de-all-v2.0_tp11_de,0.027
01. Ausgabe 1931-1.txt,tm-de-all-v2.0_tp85_de,0.027
02. Ausgabe 1931-1.txt,tm-de-all-v2.0_tp15_de,0.045
02. Ausgabe 1931-1.txt,tm-de-all-v2.0_tp89_de,0.045
02. Ausgabe 1931-1.txt,tm-de-all-v2.0_tp58_de,0.045
02. Ausgabe 1931-1.txt,tm-de-all-v2.0_tp26_de,0.027
02. Ausgabe 1931-1.txt,tm-de-all-v2.0_tp11_de,0.027
02. Ausgabe 1931-1.txt,tm-de-all-v2.0_tp85_de,0.027
03. Ausgabe 1931-1.txt,tm-de-all-v2.0_tp15_de,0.045
03. Ausgabe 1931-1.txt,tm-de-all-v2.0_tp89_de,0.045
03. Ausgabe 1931-1.txt,tm-de-all-v2.0_tp58_de,0.045
03. Ausgabe 1931-1.txt,tm-de-all-v2.0_tp26_de,0.027
03. Ausgabe 1931-1.txt,tm-de-all-v2.0_tp11_de,0.027
03. Ausgabe 1931-1.txt,tm-de-all-v2.0_tp85_de,0.027
04. Ausgabe 1931.txt,tm-de-all-v2.0_tp15_de,0.045
04. Ausgabe 1931.txt,tm-de-all-v2.0_tp89_de,0.045
04. Ausgabe 1931.txt,tm-de-all-v2.0_tp58_de,0.045
04. Ausgabe 1931.txt,tm-de-all-v2.0_tp26_de,0.027
04. Ausgabe 1931.txt,tm-de-all-v2.0_tp11_de,0.027
04. Ausgabe 1931.txt,tm-de-all-v2.0_tp85_de,0.027
05. Ausgabe 1930-1.txt,tm-de-all-v2.0_tp15_de,0.045
05. Ausgabe 1930-1.txt,tm-de-all-v2.0_tp89_de,0.045
05. Ausgabe 1930-1.txt,tm-de-all-v2.0_tp58_de,0.045
05. Ausgabe 1930-1.txt,tm-de-all-v2.0_tp26_de,0.027
05. Ausgabe 1930-1.txt,tm-de-all-v2.0_tp11_de,0.027
05. Ausgabe 1930-1.txt,tm-de-all-v2.0_tp85_de,0.027
05. Ausgabe 1931.txt,tm-de-all-v2.0_tp15_de,0.045
05. Ausgabe 1931.txt,tm-de-all-v2.0_tp89_de,0.045
05. Ausgabe 1931.txt,tm-de-all-v2.0_tp58_de,0.045
05. Ausgabe 1931.txt,tm-de-all-v2.0_tp26_de,0.027
05. Ausgabe 1931.txt,tm-de-all-v2.0_tp11_de,0.027
05. Ausgabe 1931.txt,tm-de-all-v2.0_tp85_de,0.027
06. Ausgabe 1930.txt,tm-de-all-v2.0_tp15_de,0.045
06. Ausgabe 1930.txt,tm-de-all-v2.0_tp89_de,0.045
06. Ausgabe 1930.txt,tm-de-all-v2.0_tp58_de,0.045
06. Ausgabe 1930.txt,tm-de-all-v2.0_tp26_de,0.027
06. Ausgabe 1930.txt,tm-de-all-v2.0_tp11_de,0.027
06. Ausgabe 1930.txt,tm-de-all-v2.0_tp85_de,0.027
06. Ausgabe 1931-1.txt,tm-de-all-v2.0_tp15_de,0.045
06. Ausgabe 1931-1.txt,tm-de-all-v2.0_tp89_de,0.045
06. Ausgabe 1931-1.txt,tm-de-all-v2.0_tp58_de,0.045
06. Ausgabe 1931-1.txt,tm-de-all-v2.0_tp26_de,0.027
06. Ausgabe 1931-1.txt,tm-de-all-v2.0_tp11_de,0.027
06. Ausgabe 1931-1.txt,tm-de-all-v2.0_tp85_de,0.027
07. Ausgabe 1930-1.txt,tm-de-all-v2.0_tp15_de,0.045
07. Ausgabe 1930-1.txt,tm-de-all-v2.0_tp89_de,0.045
07. Ausgabe 1930-1.txt,tm-de-all-v2.0_tp58_de,0.045
07. Ausgabe 1930-1.txt,tm-de-all-v2.0_tp26_de,0.027
07. Ausgabe 1930-1.txt,tm-de-all-v2.0_tp11_de,0.027
07. Ausgabe 1930-1.txt,tm-de-all-v2.0_tp85_de,0.027
07. Ausgabe 1931-1.txt,tm-de-all-v2.0_tp15_de,0.045
07. Ausgabe 1931-1.txt,tm-de-all-v2.0_tp89_de,0.045
07. Ausgabe 1931-1.txt,tm-de-all-v2.0_tp58_de,0.045
07. Ausgabe 1931-1.txt,tm-de-all-v2.0_tp26_de,0.027
07. Ausgabe 1931-1.txt,tm-de-all-v2.0_tp11_de,0.027
07. Ausgabe 1931-1.txt,tm-de-all-v2.0_tp85_de,0.027
08. Ausgabe 1930-1.txt,tm-de-all-v2.0_tp15_de,0.045
08. Ausgabe 1930-1.txt,tm-de-all-v2.0_tp89_de,0.045
08. Ausgabe 1930-1.txt,tm-de-all-v2.0_tp58_de,0.045
08. Ausgabe 1930-1.txt,tm-de-all-v2.0_tp26_de,0.027
08. Ausgabe 1930-1.txt,tm-de-all-v2.0_tp11_de,0.027
08. Ausgabe 1930-1.txt,tm-de-all-v2.0_tp85_de,0.027
08. Ausgabe 1930.txt,tm-de-all-v2.0_tp15_de,0.045
08. Ausgabe 1930.txt,tm-de-all-v2.0_tp89_de,0.045
08. Ausgabe 1930.txt,tm-de-all-v2.0_tp58_de,0.045
08. Ausgabe 1930.txt,tm-de-all-v2.0_tp26_de,0.027
08. Ausgabe 1930.txt,tm-de-all-v2.0_tp11_de,0.027
08. Ausgabe 1930.txt,tm-de-all-v2.0_tp85_de,0.027
08. Ausgabe 1931-1.txt,tm-de-all-v2.0_tp15_de,0.045
08. Ausgabe 1931-1.txt,tm-de-all-v2.0_tp89_de,0.045
08. Ausgabe 1931-1.txt,tm-de-all-v2.0_tp58_de,0.045
08. Ausgabe 1931-1.txt,tm-de-all-v2.0_tp26_de,0.027
08. Ausgabe 1931-1.txt,tm-de-all-v2.0_tp11_de,0.027
08. Ausgabe 1931-1.txt,tm-de-all-v2.0_tp85_de,0.027
09. Ausgabe 1930-1.txt,tm-de-all-v2.0_tp15_de,0.045
09. Ausgabe 1930-1.txt,tm-de-all-v2.0_tp89_de,0.045
09. Ausgabe 1930-1.txt,tm-de-all-v2.0_tp58_de,0.045
09. Ausgabe 1930-1.txt,tm-de-all-v2.0_tp26_de,0.027
09. Ausgabe 1930-1.txt,tm-de-all-v2.0_tp11_de,0.027
09. Ausgabe 1930-1.txt,tm-de-all-v2.0_tp85_de,0.027
09. Ausgabe 1930-2.txt,tm-de-all-v2.0_tp15_de,0.045
09. Ausgabe 1930-2.txt,tm-de-all-v2.0_tp89_de,0.045
09. Ausgabe 1930-2.txt,tm-de-all-v2.0_tp58_de,0.045
09. Ausgabe 1930-2.txt,tm-de-all-v2.0_tp26_de,0.027
09. Ausgabe 1930-2.txt,tm-de-all-v2.0_tp11_de,0.027
09. Ausgabe 1930-2.txt,tm-de-all-v2.0_tp85_de,0.027
09. Ausgabe 1931-1.txt,tm-de-all-v2.0_tp15_de,0.045
09. Ausgabe 1931-1.txt,tm-de-all-v2.0_tp89_de,0.045
09. Ausgabe 1931-1.txt,tm-de-all-v2.0_tp58_de,0.045
09. Ausgabe 1931-1.txt,tm-de-all-v2.0_tp26_de,0.027
09. Ausgabe 1931-1.txt,tm-de-all-v2.0_tp11_de,0.027
09. Ausgabe 1931-1.txt,tm-de-all-v2.0_tp85_de,0.027
10. Ausgabe 1930.txt,tm-de-all-v2.0_tp15_de,0.045
10. Ausgabe 1930.txt,tm-de-all-v2.0_tp89_de,0.045
10. Ausgabe 1930.txt,tm-de-all-v2.0_tp58_de,0.045
10. Ausgabe 1930.txt,tm-de-all-v2.0_tp26_de,0.027
10. Ausgabe 1930.txt,tm-de-all-v2.0_tp11_de,0.027
10. Ausgabe 1930.txt,tm-de-all-v2.0_tp85_de,0.027
10. Ausgabe 1931.txt,tm-de-all-v2.0_tp15_de,0.045
10. Ausgabe 1931.txt,tm-de-all-v2.0_tp89_de,0.045
10. Ausgabe 1931.txt,tm-de-all-v2.0_tp58_de,0.045
10. Ausgabe 1931.txt,tm-de-all-v2.0_tp26_de,0.027
10. Ausgabe 1931.txt,tm-de-all-v2.0_tp11_de,0.027
10. Ausgabe 1931.txt,tm-de-all-v2.0_tp85_de,0.027
11. Ausgabe 1930.txt,tm-de-all-v2.0_tp15_de,0.045
11. Ausgabe 1930.txt,tm-de-all-v2.0_tp89_de,0.045
11. Ausgabe 1930.txt,tm-de-all-v2.0_tp58_de,0.045
11. Ausgabe 1930.txt,tm-de-all-v2.0_tp26_de,0.027
11. Ausgabe 1930.txt,tm-de-all-v2.0_tp11_de,0.027
11. Ausgabe 1930.txt,tm-de-all-v2.0_tp85_de,0.027
11. Ausgabe 1931-1.txt,tm-de-all-v2.0_tp15_de,0.045
11. Ausgabe 1931-1.txt,tm-de-all-v2.0_tp89_de,0.045
11. Ausgabe 1931-1.txt,tm-de-all-v2.0_tp58_de,0.045
11. Ausgabe 1931-1.txt,tm-de-all-v2.0_tp26_de,0.027
11. Ausgabe 1931-1.txt,tm-de-all-v2.0_tp11_de,0.027
11. Ausgabe 1931-1.txt,tm-de-all-v2.0_tp85_de,0.027
12. Ausgabe 1930.txt,tm-de-all-v2.0_tp15_de,0.045
12. Ausgabe 1930.txt,tm-de-all-v2.0_tp89_de,0.045
12. Ausgabe 1930.txt,tm-de-all-v2.0_tp58_de,0.045
12. Ausgabe 1930.txt,tm-de-all-v2.0_tp26_de,0.027
12. Ausgabe 1930.txt,tm-de-all-v2.0_tp11_de,0.027
12. Ausgabe 1930.txt,tm-de-all-v2.0_tp85_de,0.027
12. Ausgabe 1931-1.txt,tm-de-all-v2.0_tp15_de,0.045
12. Ausgabe 1931-1.txt,tm-de-all-v2.0_tp89_de,0.045
12. Ausgabe 1931-1.txt,tm-de-all-v2.0_tp58_de,0.045
12. Ausgabe 1931-1.txt,tm-de-all-v2.0_tp26_de,0.027
12. Ausgabe 1931-1.txt,tm-de-all-v2.0_tp11_de,0.027
12. Ausgabe 1931-1.txt,tm-de-all-v2.0_tp85_de,0.027
13. Ausgabe 1930.txt,tm-de-all-v2.0_tp15_de,0.045
13. Ausgabe 1930.txt,tm-de-all-v2.0_tp89_de,0.045
13. Ausgabe 1930.txt,tm-de-all-v2.0_tp58_de,0.045
13. Ausgabe 1930.txt,tm-de-all-v2.0_tp26_de,0.027
13. Ausgabe 1930.txt,tm-de-all-v2.0_tp11_de,0.027
13. Ausgabe 1930.txt,tm-de-all-v2.0_tp85_de,0.027
13. Ausgabe 1931-1.txt,tm-de-all-v2.0_tp15_de,0.045
13. Ausgabe 1931-1.txt,tm-de-all-v2.0_tp89_de,0.045
13. Ausgabe 1931-1.txt,tm-de-all-v2.0_tp58_de,0.045
13. Ausgabe 1931-1.txt,tm-de-all-v2.0_tp26_de,0.027
13. Ausgabe 1931-1.txt,tm-de-all-v2.0_tp11_de,0.027
13. Ausgabe 1931-1.txt,tm-de-all-v2.0_tp85_de,0.027
14. Ausgabe 1930-1.txt,tm-de-all-v2.0_tp15_de,0.045
14. Ausgabe 1930-1.txt,tm-de-all-v2.0_tp89_de,0.045
14. Ausgabe 1930-1.txt,tm-de-all-v2.0_tp58_de,0.045
14. Ausgabe 1930-1.txt,tm-de-all-v2.0_tp26_de,0.027
14. Ausgabe 1930-1.txt,tm-de-all-v2.0_tp11_de,0.027
14. Ausgabe 1930-1.txt,tm-de-all-v2.0_tp85_de,0.027
14. Ausgabe 1931-1.txt,tm-de-all-v2.0_tp15_de,0.045
14. Ausgabe 1931-1.txt,tm-de-all-v2.0_tp89_de,0.045
14. Ausgabe 1931-1.txt,tm-de-all-v2.0_tp58_de,0.045
14. Ausgabe 1931-1.txt,tm-de-all-v2.0_tp26_de,0.027
14. Ausgabe 1931-1.txt,tm-de-all-v2.0_tp11_de,0.027
14. Ausgabe 1931-1.txt,tm-de-all-v2.0_tp85_de,0.027
15. Ausgabe 1930-2.txt,tm-de-all-v2.0_tp15_de,0.045
15. Ausgabe 1930-2.txt,tm-de-all-v2.0_tp89_de,0.045
15. Ausgabe 1930-2.txt,tm-de-all-v2.0_tp58_de,0.045
15. Ausgabe 1930-2.txt,tm-de-all-v2.0_tp26_de,0.027
15. Ausgabe 1930-2.txt,tm-de-all-v2.0_tp11_de,0.027
15. Ausgabe 1930-2.txt,tm-de-all-v2.0_tp85_de,0.027
15. Ausgabe 1931-2.txt,tm-de-all-v2.0_tp15_de,0.045
15. Ausgabe 1931-2.txt,tm-de-all-v2.0_tp89_de,0.045
15. Ausgabe 1931-2.txt,tm-de-all-v2.0_tp58_de,0.045
15. Ausgabe 1931-2.txt,tm-de-all-v2.0_tp26_de,0.027
15. Ausgabe 1931-2.txt,tm-de-all-v2.0_tp11_de,0.027
15. Ausgabe 1931-2.txt,tm-de-all-v2.0_tp85_de,0.027
16. Ausgabe 1929 OCR korrekt.txt,tm-de-all-v2.0_tp15_de,0.045
16. Ausgabe 1929 OCR korrekt.txt,tm-de-all-v2.0_tp89_de,0.045
16. Ausgabe 1929 OCR korrekt.txt,tm-de-all-v2.0_tp58_de,0.045
16. Ausgabe 1929 OCR korrekt.txt,tm-de-all-v2.0_tp26_de,0.027
16. Ausgabe 1929 OCR korrekt.txt,tm-de-all-v2.0_tp11_de,0.027
16. Ausgabe 1929 OCR korrekt.txt,tm-de-all-v2.0_tp85_de,0.027
16. Ausgabe 1930-1.txt,tm-de-all-v2.0_tp15_de,0.045
16. Ausgabe 1930-1.txt,tm-de-all-v2.0_tp89_de,0.045
16. Ausgabe 1930-1.txt,tm-de-all-v2.0_tp58_de,0.045
16. Ausgabe 1930-1.txt,tm-de-all-v2.0_tp26_de,0.027
16. Ausgabe 1930-1.txt,tm-de-all-v2.0_tp11_de,0.027
16. Ausgabe 1930-1.txt,tm-de-all-v2.0_tp85_de,0.027
16. Ausgabe 1931-2.txt,tm-de-all-v2.0_tp15_de,0.045
16. Ausgabe 1931-2.txt,tm-de-all-v2.0_tp89_de,0.045
16. Ausgabe 1931-2.txt,tm-de-all-v2.0_tp58_de,0.045
16. Ausgabe 1931-2.txt,tm-de-all-v2.0_tp26_de,0.027
16. Ausgabe 1931-2.txt,tm-de-all-v2.0_tp11_de,0.027
16. Ausgabe 1931-2.txt,tm-de-all-v2.0_tp85_de,0.027
16. Ausgabe OCR korrekt.txt,tm-de-all-v2.0_tp15_de,0.045
16. Ausgabe OCR korrekt.txt,tm-de-all-v2.0_tp89_de,0.045
16. Ausgabe OCR korrekt.txt,tm-de-all-v2.0_tp58_de,0.045
16. Ausgabe OCR korrekt.txt,tm-de-all-v2.0_tp26_de,0.027
16. Ausgabe OCR korrekt.txt,tm-de-all-v2.0_tp11_de,0.027
16. Ausgabe OCR korrekt.txt,tm-de-all-v2.0_tp85_de,0.027
17. Ausgabe 1930.txt,tm-de-all-v2.0_tp15_de,0.045
17. Ausgabe 1930.txt,tm-de-all-v2.0_tp89_de,0.045
17. Ausgabe 1930.txt,tm-de-all-v2.0_tp58_de,0.045
17. Ausgabe 1930.txt,tm-de-all-v2.0_tp26_de,0.027
17. Ausgabe 1930.txt,tm-de-all-v2.0_tp11_de,0.027
17. Ausgabe 1930.txt,tm-de-all-v2.0_tp85_de,0.027
17. Ausgabe 1931-1.txt,tm-de-all-v2.0_tp15_de,0.045
17. Ausgabe 1931-1.txt,tm-de-all-v2.0_tp89_de,0.045
17. Ausgabe 1931-1.txt,tm-de-all-v2.0_tp58_de,0.045
17. Ausgabe 1931-1.txt,tm-de-all-v2.0_tp26_de,0.027
17. Ausgabe 1931-1.txt,tm-de-all-v2.0_tp11_de,0.027
17. Ausgabe 1931-1.txt,tm-de-all-v2.0_tp85_de,0.027
18. Ausgabe 1930-1.txt,tm-de-all-v2.0_tp15_de,0.045
18. Ausgabe 1930-1.txt,tm-de-all-v2.0_tp89_de,0.045
18. Ausgabe 1930-1.txt,tm-de-all-v2.0_tp58_de,0.045
18. Ausgabe 1930-1.txt,tm-de-all-v2.0_tp26_de,0.027
18. Ausgabe 1930-1.txt,tm-de-all-v2.0_tp11_de,0.027
18. Ausgabe 1930-1.txt,tm-de-all-v2.0_tp85_de,0.027
18. Ausgabe 1931.txt,tm-de-all-v2.0_tp15_de,0.045
18. Ausgabe 1931.txt,tm-de-all-v2.0_tp89_de,0.045
18. Ausgabe 1931.txt,tm-de-all-v2.0_tp58_de,0.045
18. Ausgabe 1931.txt,tm-de-all-v2.0_tp26_de,0.027
18. Ausgabe 1931.txt,tm-de-all-v2.0_tp11_de,0.027
18. Ausgabe 1931.txt,tm-de-all-v2.0_tp85_de,0.027
19. Ausgabe 1931-1.txt,tm-de-all-v2.0_tp15_de,0.045
19. Ausgabe 1931-1.txt,tm-de-all-v2.0_tp89_de,0.045
19. Ausgabe 1931-1.txt,tm-de-all-v2.0_tp58_de,0.045
19. Ausgabe 1931-1.txt,tm-de-all-v2.0_tp26_de,0.027
19. Ausgabe 1931-1.txt,tm-de-all-v2.0_tp11_de,0.027
19. Ausgabe 1931-1.txt,tm-de-all-v2.0_tp85_de,0.027
20. Ausgabe 1930.txt,tm-de-all-v2.0_tp15_de,0.045
20. Ausgabe 1930.txt,tm-de-all-v2.0_tp89_de,0.045
20. Ausgabe 1930.txt,tm-de-all-v2.0_tp58_de,0.045
20. Ausgabe 1930.txt,tm-de-all-v2.0_tp26_de,0.027
20. Ausgabe 1930.txt,tm-de-all-v2.0_tp11_de,0.027
20. Ausgabe 1930.txt,tm-de-all-v2.0_tp85_de,0.027
20. Ausgabe 1931-1.txt,tm-de-all-v2.0_tp15_de,0.045
20. Ausgabe 1931-1.txt,tm-de-all-v2.0_tp89_de,0.045
20. Ausgabe 1931-1.txt,tm-de-all-v2.0_tp58_de,0.045
20. Ausgabe 1931-1.txt,tm-de-all-v2.0_tp26_de,0.027
20. Ausgabe 1931-1.txt,tm-de-all-v2.0_tp11_de,0.027
20. Ausgabe 1931-1.txt,tm-de-all-v2.0_tp85_de,0.027
21. Ausgabe 1930.txt,tm-de-all-v2.0_tp15_de,0.045
21. Ausgabe 1930.txt,tm-de-all-v2.0_tp89_de,0.045
21. Ausgabe 1930.txt,tm-de-all-v2.0_tp58_de,0.045
21. Ausgabe 1930.txt,tm-de-all-v2.0_tp26_de,0.027
21. Ausgabe 1930.txt,tm-de-all-v2.0_tp11_de,0.027
21. Ausgabe 1930.txt,tm-de-all-v2.0_tp85_de,0.027
21. Ausgabe 1931-1.txt,tm-de-all-v2.0_tp15_de,0.045
21. Ausgabe 1931-1.txt,tm-de-all-v2.0_tp89_de,0.045
21. Ausgabe 1931-1.txt,tm-de-all-v2.0_tp58_de,0.045
21. Ausgabe 1931-1.txt,tm-de-all-v2.0_tp26_de,0.027
21. Ausgabe 1931-1.txt,tm-de-all-v2.0_tp11_de,0.027
21. Ausgabe 1931-1.txt,tm-de-all-v2.0_tp85_de,0.027
22. Ausgabe 1930.txt,tm-de-all-v2.0_tp15_de,0.045
22. Ausgabe 1930.txt,tm-de-all-v2.0_tp89_de,0.045
22. Ausgabe 1930.txt,tm-de-all-v2.0_tp58_de,0.045
22. Ausgabe 1930.txt,tm-de-all-v2.0_tp26_de,0.027
22. Ausgabe 1930.txt,tm-de-all-v2.0_tp11_de,0.027
22. Ausgabe 1930.txt,tm-de-all-v2.0_tp85_de,0.027
22. Ausgabe 1931-1.txt,tm-de-all-v2.0_tp15_de,0.045
22. Ausgabe 1931-1.txt,tm-de-all-v2.0_tp89_de,0.045
22. Ausgabe 1931-1.txt,tm-de-all-v2.0_tp58_de,0.045
22. Ausgabe 1931-1.txt,tm-de-all-v2.0_tp26_de,0.027
22. Ausgabe 1931-1.txt,tm-de-all-v2.0_tp11_de,0.027
22. Ausgabe 1931-1.txt,tm-de-all-v2.0_tp85_de,0.027
23. Ausgabe 1930.txt,tm-de-all-v2.0_tp15_de,0.045
23. Ausgabe 1930.txt,tm-de-all-v2.0_tp89_de,0.045
23. Ausgabe 1930.txt,tm-de-all-v2.0_tp58_de,0.045
23. Ausgabe 1930.txt,tm-de-all-v2.0_tp26_de,0.027
23. Ausgabe 1930.txt,tm-de-all-v2.0_tp11_de,0.027
23. Ausgabe 1930.txt,tm-de-all-v2.0_tp85_de,0.027
23. Ausgabe 1931-1.txt,tm-de-all-v2.0_tp15_de,0.045
23. Ausgabe 1931-1.txt,tm-de-all-v2.0_tp89_de,0.045
23. Ausgabe 1931-1.txt,tm-de-all-v2.0_tp58_de,0.045
23. Ausgabe 1931-1.txt,tm-de-all-v2.0_tp26_de,0.027
23. Ausgabe 1931-1.txt,tm-de-all-v2.0_tp11_de,0.027
23. Ausgabe 1931-1.txt,tm-de-all-v2.0_tp85_de,0.027
24. Ausgabe 1930.txt,tm-de-all-v2.0_tp15_de,0.045
24. Ausgabe 1930.txt,tm-de-all-v2.0_tp89_de,0.045
24. Ausgabe 1930.txt,tm-de-all-v2.0_tp58_de,0.045
24. Ausgabe 1930.txt,tm-de-all-v2.0_tp26_de,0.027
24. Ausgabe 1930.txt,tm-de-all-v2.0_tp11_de,0.027
24. Ausgabe 1930.txt,tm-de-all-v2.0_tp85_de,0.027
24. Ausgabe 1931-1.txt,tm-de-all-v2.0_tp15_de,0.045
24. Ausgabe 1931-1.txt,tm-de-all-v2.0_tp89_de,0.045
24. Ausgabe 1931-1.txt,tm-de-all-v2.0_tp58_de,0.045
24. Ausgabe 1931-1.txt,tm-de-all-v2.0_tp26_de,0.027
24. Ausgabe 1931-1.txt,tm-de-all-v2.0_tp11_de,0.027
24. Ausgabe 1931-1.txt,tm-de-all-v2.0_tp85_de,0.027
25. Ausgabe 1930.txt,tm-de-all-v2.0_tp15_de,0.045
25. Ausgabe 1930.txt,tm-de-all-v2.0_tp89_de,0.045
25. Ausgabe 1930.txt,tm-de-all-v2.0_tp58_de,0.045
25. Ausgabe 1930.txt,tm-de-all-v2.0_tp26_de,0.027
25. Ausgabe 1930.txt,tm-de-all-v2.0_tp11_de,0.027
25. Ausgabe 1930.txt,tm-de-all-v2.0_tp85_de,0.027
25_26 Ausgabe 1931.txt,tm-de-all-v2.0_tp15_de,0.045
25_26 Ausgabe 1931.txt,tm-de-all-v2.0_tp89_de,0.045
25_26 Ausgabe 1931.txt,tm-de-all-v2.0_tp58_de,0.045
25_26 Ausgabe 1931.txt,tm-de-all-v2.0_tp26_de,0.027
25_26 Ausgabe 1931.txt,tm-de-all-v2.0_tp11_de,0.027
25_26 Ausgabe 1931.txt,tm-de-all-v2.0_tp85_de,0.027
26. Ausgabe 1930.txt,tm-de-all-v2.0_tp15_de,0.045
26. Ausgabe 1930.txt,tm-de-all-v2.0_tp89_de,0.045
26. Ausgabe 1930.txt,tm-de-all-v2.0_tp58_de,0.045
26. Ausgabe 1930.txt,tm-de-all-v2.0_tp26_de,0.027
26. Ausgabe 1930.txt,tm-de-all-v2.0_tp11_de,0.027
26. Ausgabe 1930.txt,tm-de-all-v2.0_tp85_de,0.027
27. Ausgabe 1930.txt,tm-de-all-v2.0_tp15_de,0.045
27. Ausgabe 1930.txt,tm-de-all-v2.0_tp89_de,0.045
27. Ausgabe 1930.txt,tm-de-all-v2.0_tp58_de,0.045
27. Ausgabe 1930.txt,tm-de-all-v2.0_tp26_de,0.027
27. Ausgabe 1930.txt,tm-de-all-v2.0_tp11_de,0.027
27. Ausgabe 1930.txt,tm-de-all-v2.0_tp85_de,0.027
27_28. Ausgabe 1931.txt,tm-de-all-v2.0_tp15_de,0.045
27_28. Ausgabe 1931.txt,tm-de-all-v2.0_tp89_de,0.045
27_28. Ausgabe 1931.txt,tm-de-all-v2.0_tp58_de,0.045
27_28. Ausgabe 1931.txt,tm-de-all-v2.0_tp26_de,0.027
27_28. Ausgabe 1931.txt,tm-de-all-v2.0_tp11_de,0.027
27_28. Ausgabe 1931.txt,tm-de-all-v2.0_tp85_de,0.027
28. Ausgabe 1930.txt,tm-de-all-v2.0_tp15_de,0.045
28. Ausgabe 1930.txt,tm-de-all-v2.0_tp89_de,0.045
28. Ausgabe 1930.txt,tm-de-all-v2.0_tp58_de,0.045
28. Ausgabe 1930.txt,tm-de-all-v2.0_tp26_de,0.027
28. Ausgabe 1930.txt,tm-de-all-v2.0_tp11_de,0.027
28. Ausgabe 1930.txt,tm-de-all-v2.0_tp85_de,0.027
29. Ausgabe 1930.txt,tm-de-all-v2.0_tp15_de,0.045
29. Ausgabe 1930.txt,tm-de-all-v2.0_tp89_de,0.045
29. Ausgabe 1930.txt,tm-de-all-v2.0_tp58_de,0.045
29. Ausgabe 1930.txt,tm-de-all-v2.0_tp26_de,0.027
29. Ausgabe 1930.txt,tm-de-all-v2.0_tp11_de,0.027
29. Ausgabe 1930.txt,tm-de-all-v2.0_tp85_de,0.027
29. Ausgabe 1931.txt,tm-de-all-v2.0_tp15_de,0.045
29. Ausgabe 1931.txt,tm-de-all-v2.0_tp89_de,0.045
29. Ausgabe 1931.txt,tm-de-all-v2.0_tp58_de,0.045
29. Ausgabe 1931.txt,tm-de-all-v2.0_tp26_de,0.027
29. Ausgabe 1931.txt,tm-de-all-v2.0_tp11_de,0.027
29. Ausgabe 1931.txt,tm-de-all-v2.0_tp85_de,0.027
30. Ausgaabe 1930.txt,tm-de-all-v2.0_tp15_de,0.045
30. Ausgaabe 1930.txt,tm-de-all-v2.0_tp89_de,0.045
30. Ausgaabe 1930.txt,tm-de-all-v2.0_tp58_de,0.045
30. Ausgaabe 1930.txt,tm-de-all-v2.0_tp26_de,0.027
30. Ausgaabe 1930.txt,tm-de-all-v2.0_tp11_de,0.027
30. Ausgaabe 1930.txt,tm-de-all-v2.0_tp85_de,0.027
30. Ausgabe 1931.txt,tm-de-all-v2.0_tp15_de,0.045
30. Ausgabe 1931.txt,tm-de-all-v2.0_tp89_de,0.045
30. Ausgabe 1931.txt,tm-de-all-v2.0_tp58_de,0.045
30. Ausgabe 1931.txt,tm-de-all-v2.0_tp26_de,0.027
30. Ausgabe 1931.txt,tm-de-all-v2.0_tp11_de,0.027
30. Ausgabe 1931.txt,tm-de-all-v2.0_tp85_de,0.027
31. Ausgabe 1930.txt,tm-de-all-v2.0_tp15_de,0.045
31. Ausgabe 1930.txt,tm-de-all-v2.0_tp89_de,0.045
31. Ausgabe 1930.txt,tm-de-all-v2.0_tp58_de,0.045
31. Ausgabe 1930.txt,tm-de-all-v2.0_tp26_de,0.027
31. Ausgabe 1930.txt,tm-de-all-v2.0_tp11_de,0.027
31. Ausgabe 1930.txt,tm-de-all-v2.0_tp85_de,0.027
31. Ausgabe 1931.txt,tm-de-all-v2.0_tp15_de,0.045
31. Ausgabe 1931.txt,tm-de-all-v2.0_tp89_de,0.045
31. Ausgabe 1931.txt,tm-de-all-v2.0_tp58_de,0.045
31. Ausgabe 1931.txt,tm-de-all-v2.0_tp26_de,0.027
31. Ausgabe 1931.txt,tm-de-all-v2.0_tp11_de,0.027
31. Ausgabe 1931.txt,tm-de-all-v2.0_tp85_de,0.027
32. Ausgabe 1930.txt,tm-de-all-v2.0_tp15_de,0.045
32. Ausgabe 1930.txt,tm-de-all-v2.0_tp89_de,0.045
32. Ausgabe 1930.txt,tm-de-all-v2.0_tp58_de,0.045
32. Ausgabe 1930.txt,tm-de-all-v2.0_tp26_de,0.027
32. Ausgabe 1930.txt,tm-de-all-v2.0_tp11_de,0.027
32. Ausgabe 1930.txt,tm-de-all-v2.0_tp85_de,0.027
32. Ausgabe 1931.txt,tm-de-all-v2.0_tp15_de,0.045
32. Ausgabe 1931.txt,tm-de-all-v2.0_tp89_de,0.045
32. Ausgabe 1931.txt,tm-de-all-v2.0_tp58_de,0.045
32. Ausgabe 1931.txt,tm-de-all-v2.0_tp26_de,0.027
32. Ausgabe 1931.txt,tm-de-all-v2.0_tp11_de,0.027
32. Ausgabe 1931.txt,tm-de-all-v2.0_tp85_de,0.027
33. Ausgabe 1930.txt,tm-de-all-v2.0_tp15_de,0.045
33. Ausgabe 1930.txt,tm-de-all-v2.0_tp89_de,0.045
33. Ausgabe 1930.txt,tm-de-all-v2.0_tp58_de,0.045
33. Ausgabe 1930.txt,tm-de-all-v2.0_tp26_de,0.027
33. Ausgabe 1930.txt,tm-de-all-v2.0_tp11_de,0.027
33. Ausgabe 1930.txt,tm-de-all-v2.0_tp85_de,0.027
33. Ausgabe 1931.txt,tm-de-all-v2.0_tp15_de,0.045
33. Ausgabe 1931.txt,tm-de-all-v2.0_tp89_de,0.045
33. Ausgabe 1931.txt,tm-de-all-v2.0_tp58_de,0.045
33. Ausgabe 1931.txt,tm-de-all-v2.0_tp26_de,0.027
33. Ausgabe 1931.txt,tm-de-all-v2.0_tp11_de,0.027
33. Ausgabe 1931.txt,tm-de-all-v2.0_tp85_de,0.027
34. Ausgabe 1930.txt,tm-de-all-v2.0_tp15_de,0.045
34. Ausgabe 1930.txt,tm-de-all-v2.0_tp89_de,0.045
34. Ausgabe 1930.txt,tm-de-all-v2.0_tp58_de,0.045
34. Ausgabe 1930.txt,tm-de-all-v2.0_tp26_de,0.027
34. Ausgabe 1930.txt,tm-de-all-v2.0_tp11_de,0.027
34. Ausgabe 1930.txt,tm-de-all-v2.0_tp85_de,0.027
34a Ausgabe 1930-1.txt,tm-de-all-v2.0_tp15_de,0.045
34a Ausgabe 1930-1.txt,tm-de-all-v2.0_tp89_de,0.045
34a Ausgabe 1930-1.txt,tm-de-all-v2.0_tp58_de,0.045
34a Ausgabe 1930-1.txt,tm-de-all-v2.0_tp26_de,0.027
34a Ausgabe 1930-1.txt,tm-de-all-v2.0_tp11_de,0.027
34a Ausgabe 1930-1.txt,tm-de-all-v2.0_tp85_de,0.027
35. Ausgabe 1930-1.txt,tm-de-all-v2.0_tp15_de,0.045
35. Ausgabe 1930-1.txt,tm-de-all-v2.0_tp89_de,0.045
35. Ausgabe 1930-1.txt,tm-de-all-v2.0_tp58_de,0.045
35. Ausgabe 1930-1.txt,tm-de-all-v2.0_tp26_de,0.027
35. Ausgabe 1930-1.txt,tm-de-all-v2.0_tp11_de,0.027
35. Ausgabe 1930-1.txt,tm-de-all-v2.0_tp85_de,0.027
36. Ausgabe 1930.txt,tm-de-all-v2.0_tp15_de,0.045
36. Ausgabe 1930.txt,tm-de-all-v2.0_tp89_de,0.045
36. Ausgabe 1930.txt,tm-de-all-v2.0_tp58_de,0.045
36. Ausgabe 1930.txt,tm-de-all-v2.0_tp26_de,0.027
36. Ausgabe 1930.txt,tm-de-all-v2.0_tp11_de,0.027
36. Ausgabe 1930.txt,tm-de-all-v2.0_tp85_de,0.027
37. Ausgabe 1930.txt,tm-de-all-v2.0_tp15_de,0.045
37. Ausgabe 1930.txt,tm-de-all-v2.0_tp89_de,0.045
37. Ausgabe 1930.txt,tm-de-all-v2.0_tp58_de,0.045
37. Ausgabe 1930.txt,tm-de-all-v2.0_tp26_de,0.027
37. Ausgabe 1930.txt,tm-de-all-v2.0_tp11_de,0.027
37. Ausgabe 1930.txt,tm-de-all-v2.0_tp85_de,0.027
38. Ausgabe 1930.txt,tm-de-all-v2.0_tp15_de,0.045
38. Ausgabe 1930.txt,tm-de-all-v2.0_tp89_de,0.045
38. Ausgabe 1930.txt,tm-de-all-v2.0_tp58_de,0.045
38. Ausgabe 1930.txt,tm-de-all-v2.0_tp26_de,0.027
38. Ausgabe 1930.txt,tm-de-all-v2.0_tp11_de,0.027
38. Ausgabe 1930.txt,tm-de-all-v2.0_tp85_de,0.027
39. Ausgabe 1930.txt,tm-de-all-v2.0_tp15_de,0.045
39. Ausgabe 1930.txt,tm-de-all-v2.0_tp89_de,0.045
39. Ausgabe 1930.txt,tm-de-all-v2.0_tp58_de,0.045
39. Ausgabe 1930.txt,tm-de-all-v2.0_tp26_de,0.027
39. Ausgabe 1930.txt,tm-de-all-v2.0_tp11_de,0.027
39. Ausgabe 1930.txt,tm-de-all-v2.0_tp85_de,0.027
40. Ausgabe 1930.txt,tm-de-all-v2.0_tp15_de,0.045
40. Ausgabe 1930.txt,tm-de-all-v2.0_tp89_de,0.045
40. Ausgabe 1930.txt,tm-de-all-v2.0_tp58_de,0.045
40. Ausgabe 1930.txt,tm-de-all-v2.0_tp26_de,0.027
40. Ausgabe 1930.txt,tm-de-all-v2.0_tp11_de,0.027
40. Ausgabe 1930.txt,tm-de-all-v2.0_tp85_de,0.027
41. Ausgabe 1930.txt,tm-de-all-v2.0_tp15_de,0.045
41. Ausgabe 1930.txt,tm-de-all-v2.0_tp89_de,0.045
41. Ausgabe 1930.txt,tm-de-all-v2.0_tp58_de,0.045
41. Ausgabe 1930.txt,tm-de-all-v2.0_tp26_de,0.027
41. Ausgabe 1930.txt,tm-de-all-v2.0_tp11_de,0.027
41. Ausgabe 1930.txt,tm-de-all-v2.0_tp85_de,0.027
42. Ausgabe 1930.txt,tm-de-all-v2.0_tp15_de,0.045
42. Ausgabe 1930.txt,tm-de-all-v2.0_tp89_de,0.045
42. Ausgabe 1930.txt,tm-de-all-v2.0_tp58_de,0.045
42. Ausgabe 1930.txt,tm-de-all-v2.0_tp26_de,0.027
42. Ausgabe 1930.txt,tm-de-all-v2.0_tp11_de,0.027
42. Ausgabe 1930.txt,tm-de-all-v2.0_tp85_de,0.027
43. Ausgabe 1930.txt,tm-de-all-v2.0_tp15_de,0.045
43. Ausgabe 1930.txt,tm-de-all-v2.0_tp89_de,0.045
43. Ausgabe 1930.txt,tm-de-all-v2.0_tp58_de,0.045
43. Ausgabe 1930.txt,tm-de-all-v2.0_tp26_de,0.027
43. Ausgabe 1930.txt,tm-de-all-v2.0_tp11_de,0.027
43. Ausgabe 1930.txt,tm-de-all-v2.0_tp85_de,0.027
44. Ausgabe 1930.txt,tm-de-all-v2.0_tp15_de,0.045
44. Ausgabe 1930.txt,tm-de-all-v2.0_tp89_de,0.045
44. Ausgabe 1930.txt,tm-de-all-v2.0_tp58_de,0.045
44. Ausgabe 1930.txt,tm-de-all-v2.0_tp26_de,0.027
44. Ausgabe 1930.txt,tm-de-all-v2.0_tp11_de,0.027
44. Ausgabe 1930.txt,tm-de-all-v2.0_tp85_de,0.027
45. Ausgabe 1930.txt,tm-de-all-v2.0_tp15_de,0.045
45. Ausgabe 1930.txt,tm-de-all-v2.0_tp89_de,0.045
45. Ausgabe 1930.txt,tm-de-all-v2.0_tp58_de,0.045
45. Ausgabe 1930.txt,tm-de-all-v2.0_tp26_de,0.027
45. Ausgabe 1930.txt,tm-de-all-v2.0_tp11_de,0.027
45. Ausgabe 1930.txt,tm-de-all-v2.0_tp85_de,0.027
46. Ausgabe 1930.txt,tm-de-all-v2.0_tp15_de,0.045
46. Ausgabe 1930.txt,tm-de-all-v2.0_tp89_de,0.045
46. Ausgabe 1930.txt,tm-de-all-v2.0_tp58_de,0.045
46. Ausgabe 1930.txt,tm-de-all-v2.0_tp26_de,0.027
46. Ausgabe 1930.txt,tm-de-all-v2.0_tp11_de,0.027
46. Ausgabe 1930.txt,tm-de-all-v2.0_tp85_de,0.027
47. Ausgabe 1930.txt,tm-de-all-v2.0_tp15_de,0.045
47. Ausgabe 1930.txt,tm-de-all-v2.0_tp89_de,0.045
47. Ausgabe 1930.txt,tm-de-all-v2.0_tp58_de,0.045
47. Ausgabe 1930.txt,tm-de-all-v2.0_tp26_de,0.027
47. Ausgabe 1930.txt,tm-de-all-v2.0_tp11_de,0.027
47. Ausgabe 1930.txt,tm-de-all-v2.0_tp85_de,0.027
48. Ausgabe 1930.txt,tm-de-all-v2.0_tp15_de,0.045
48. Ausgabe 1930.txt,tm-de-all-v2.0_tp89_de,0.045
48. Ausgabe 1930.txt,tm-de-all-v2.0_tp58_de,0.045
48. Ausgabe 1930.txt,tm-de-all-v2.0_tp26_de,0.027
48. Ausgabe 1930.txt,tm-de-all-v2.0_tp11_de,0.027
48. Ausgabe 1930.txt,tm-de-all-v2.0_tp85_de,0.027
49. Ausgabe 1930.txt,tm-de-all-v2.0_tp15_de,0.045
49. Ausgabe 1930.txt,tm-de-all-v2.0_tp89_de,0.045
49. Ausgabe 1930.txt,tm-de-all-v2.0_tp58_de,0.045
49. Ausgabe 1930.txt,tm-de-all-v2.0_tp26_de,0.027
49. Ausgabe 1930.txt,tm-de-all-v2.0_tp11_de,0.027
49. Ausgabe 1930.txt,tm-de-all-v2.0_tp85_de,0.027
50. Ausgabe 1930.txt,tm-de-all-v2.0_tp15_de,0.045
50. Ausgabe 1930.txt,tm-de-all-v2.0_tp89_de,0.045
50. Ausgabe 1930.txt,tm-de-all-v2.0_tp58_de,0.045
50. Ausgabe 1930.txt,tm-de-all-v2.0_tp26_de,0.027
50. Ausgabe 1930.txt,tm-de-all-v2.0_tp11_de,0.027
50. Ausgabe 1930.txt,tm-de-all-v2.0_tp85_de,0.027
50a Ausgabe 1930.txt,tm-de-all-v2.0_tp15_de,0.045
50a Ausgabe 1930.txt,tm-de-all-v2.0_tp89_de,0.045
50a Ausgabe 1930.txt,tm-de-all-v2.0_tp58_de,0.045
50a Ausgabe 1930.txt,tm-de-all-v2.0_tp26_de,0.027
50a Ausgabe 1930.txt,tm-de-all-v2.0_tp11_de,0.027
50a Ausgabe 1930.txt,tm-de-all-v2.0_tp85_de,0.027
52. Ausgabe 1930.txt,tm-de-all-v2.0_tp15_de,0.045
52. Ausgabe 1930.txt,tm-de-all-v2.0_tp89_de,0.045
52. Ausgabe 1930.txt,tm-de-all-v2.0_tp58_de,0.045
52. Ausgabe 1930.txt,tm-de-all-v2.0_tp26_de,0.027
52. Ausgabe 1930.txt,tm-de-all-v2.0_tp11_de,0.027
52. Ausgabe 1930.txt,tm-de-all-v2.0_tp85_de,0.027
53. Ausgaben 1930.txt,tm-de-all-v2.0_tp15_de,0.045
53. Ausgaben 1930.txt,tm-de-all-v2.0_tp89_de,0.045
53. Ausgaben 1930.txt,tm-de-all-v2.0_tp58_de,0.045
53. Ausgaben 1930.txt,tm-de-all-v2.0_tp26_de,0.027
53. Ausgaben 1930.txt,tm-de-all-v2.0_tp11_de,0.027
53. Ausgaben 1930.txt,tm-de-all-v2.0_tp85_de,0.027
54. Ausgabe 1930.txt,tm-de-all-v2.0_tp15_de,0.045
54. Ausgabe 1930.txt,tm-de-all-v2.0_tp89_de,0.045
54. Ausgabe 1930.txt,tm-de-all-v2.0_tp58_de,0.045
54. Ausgabe 1930.txt,tm-de-all-v2.0_tp26_de,0.027
54. Ausgabe 1930.txt,tm-de-all-v2.0_tp11_de,0.027
54. Ausgabe 1930.txt,tm-de-all-v2.0_tp85_de,0.027
55. Ausgabe 1930.txt,tm-de-all-v2.0_tp15_de,0.045
55. Ausgabe 1930.txt,tm-de-all-v2.0_tp89_de,0.045
55. Ausgabe 1930.txt,tm-de-all-v2.0_tp58_de,0.045
55. Ausgabe 1930.txt,tm-de-all-v2.0_tp26_de,0.027
55. Ausgabe 1930.txt,tm-de-all-v2.0_tp11_de,0.027
55. Ausgabe 1930.txt,tm-de-all-v2.0_tp85_de,0.027
56. Ausgabe 1930-1.txt,tm-de-all-v2.0_tp15_de,0.045
56. Ausgabe 1930-1.txt,tm-de-all-v2.0_tp89_de,0.045
56. Ausgabe 1930-1.txt,tm-de-all-v2.0_tp58_de,0.045
56. Ausgabe 1930-1.txt,tm-de-all-v2.0_tp26_de,0.027
56. Ausgabe 1930-1.txt,tm-de-all-v2.0_tp11_de,0.027
56. Ausgabe 1930-1.txt,tm-de-all-v2.0_tp85_de,0.027
56. Ausgabe 1930.txt,tm-de-all-v2.0_tp15_de,0.045
56. Ausgabe 1930.txt,tm-de-all-v2.0_tp89_de,0.045
56. Ausgabe 1930.txt,tm-de-all-v2.0_tp58_de,0.045
56. Ausgabe 1930.txt,tm-de-all-v2.0_tp26_de,0.027
56. Ausgabe 1930.txt,tm-de-all-v2.0_tp11_de,0.027
56. Ausgabe 1930.txt,tm-de-all-v2.0_tp85_de,0.027
57. Ausgabe 1930.txt,tm-de-all-v2.0_tp15_de,0.045
57. Ausgabe 1930.txt,tm-de-all-v2.0_tp89_de,0.045
57. Ausgabe 1930.txt,tm-de-all-v2.0_tp58_de,0.045
57. Ausgabe 1930.txt,tm-de-all-v2.0_tp26_de,0.027
57. Ausgabe 1930.txt,tm-de-all-v2.0_tp11_de,0.027
57. Ausgabe 1930.txt,tm-de-all-v2.0_tp85_de,0.027
58. Ausgabe 1930.txt,tm-de-all-v2.0_tp15_de,0.045
58. Ausgabe 1930.txt,tm-de-all-v2.0_tp89_de,0.045
58. Ausgabe 1930.txt,tm-de-all-v2.0_tp58_de,0.045
58. Ausgabe 1930.txt,tm-de-all-v2.0_tp26_de,0.027
58. Ausgabe 1930.txt,tm-de-all-v2.0_tp11_de,0.027
58. Ausgabe 1930.txt,tm-de-all-v2.0_tp85_de,0.027
59. Ausgabe 1930.txt,tm-de-all-v2.0_tp15_de,0.045
59. Ausgabe 1930.txt,tm-de-all-v2.0_tp89_de,0.045
59. Ausgabe 1930.txt,tm-de-all-v2.0_tp58_de,0.045
59. Ausgabe 1930.txt,tm-de-all-v2.0_tp26_de,0.027
59. Ausgabe 1930.txt,tm-de-all-v2.0_tp11_de,0.027
59. Ausgabe 1930.txt,tm-de-all-v2.0_tp85_de,0.027
6. Korrekt 1929 OCR.txt,tm-de-all-v2.0_tp15_de,0.045
6. Korrekt 1929 OCR.txt,tm-de-all-v2.0_tp89_de,0.045
6. Korrekt 1929 OCR.txt,tm-de-all-v2.0_tp58_de,0.045
6. Korrekt 1929 OCR.txt,tm-de-all-v2.0_tp26_de,0.027
6. Korrekt 1929 OCR.txt,tm-de-all-v2.0_tp11_de,0.027
6. Korrekt 1929 OCR.txt,tm-de-all-v2.0_tp85_de,0.027
60. Ausgabe 1930.txt,tm-de-all-v2.0_tp15_de,0.045
60. Ausgabe 1930.txt,tm-de-all-v2.0_tp89_de,0.045
60. Ausgabe 1930.txt,tm-de-all-v2.0_tp58_de,0.045
60. Ausgabe 1930.txt,tm-de-all-v2.0_tp26_de,0.027
60. Ausgabe 1930.txt,tm-de-all-v2.0_tp11_de,0.027
60. Ausgabe 1930.txt,tm-de-all-v2.0_tp85_de,0.027
61. Ausgabe 1930.txt,tm-de-all-v2.0_tp15_de,0.045
61. Ausgabe 1930.txt,tm-de-all-v2.0_tp89_de,0.045
61. Ausgabe 1930.txt,tm-de-all-v2.0_tp58_de,0.045
61. Ausgabe 1930.txt,tm-de-all-v2.0_tp26_de,0.027
61. Ausgabe 1930.txt,tm-de-all-v2.0_tp11_de,0.027
61. Ausgabe 1930.txt,tm-de-all-v2.0_tp85_de,0.027
62. Ausgabe 1930.txt,tm-de-all-v2.0_tp15_de,0.045
62. Ausgabe 1930.txt,tm-de-all-v2.0_tp89_de,0.045
62. Ausgabe 1930.txt,tm-de-all-v2.0_tp58_de,0.045
62. Ausgabe 1930.txt,tm-de-all-v2.0_tp26_de,0.027
62. Ausgabe 1930.txt,tm-de-all-v2.0_tp11_de,0.027
62. Ausgabe 1930.txt,tm-de-all-v2.0_tp85_de,0.027
63. Ausgabe 1930.txt,tm-de-all-v2.0_tp15_de,0.045
63. Ausgabe 1930.txt,tm-de-all-v2.0_tp89_de,0.045
63. Ausgabe 1930.txt,tm-de-all-v2.0_tp58_de,0.045
63. Ausgabe 1930.txt,tm-de-all-v2.0_tp26_de,0.027
63. Ausgabe 1930.txt,tm-de-all-v2.0_tp11_de,0.027
63. Ausgabe 1930.txt,tm-de-all-v2.0_tp85_de,0.027
64_65. Ausgabe 1930.txt,tm-de-all-v2.0_tp15_de,0.045
64_65. Ausgabe 1930.txt,tm-de-all-v2.0_tp89_de,0.045
64_65. Ausgabe 1930.txt,tm-de-all-v2.0_tp58_de,0.045
64_65. Ausgabe 1930.txt,tm-de-all-v2.0_tp26_de,0.027
64_65. Ausgabe 1930.txt,tm-de-all-v2.0_tp11_de,0.027
64_65. Ausgabe 1930.txt,tm-de-all-v2.0_tp85_de,0.027
66. Ausgabe 1930.txt,tm-de-all-v2.0_tp15_de,0.045
66. Ausgabe 1930.txt,tm-de-all-v2.0_tp89_de,0.045
66. Ausgabe 1930.txt,tm-de-all-v2.0_tp58_de,0.045
66. Ausgabe 1930.txt,tm-de-all-v2.0_tp26_de,0.027
66. Ausgabe 1930.txt,tm-de-all-v2.0_tp11_de,0.027
66. Ausgabe 1930.txt,tm-de-all-v2.0_tp85_de,0.027
7. Ausgabe 1929 korrekt.txt,tm-de-all-v2.0_tp15_de,0.045
7. Ausgabe 1929 korrekt.txt,tm-de-all-v2.0_tp89_de,0.045
7. Ausgabe 1929 korrekt.txt,tm-de-all-v2.0_tp58_de,0.045
7. Ausgabe 1929 korrekt.txt,tm-de-all-v2.0_tp26_de,0.027
7. Ausgabe 1929 korrekt.txt,tm-de-all-v2.0_tp11_de,0.027
7. Ausgabe 1929 korrekt.txt,tm-de-all-v2.0_tp85_de,0.027
OCR 1. 1929 komplett Stadtwächter.txt,tm-de-all-v2.0_tp15_de,0.045
OCR 1. 1929 komplett Stadtwächter.txt,tm-de-all-v2.0_tp89_de,0.045
OCR 1. 1929 komplett Stadtwächter.txt,tm-de-all-v2.0_tp58_de,0.045
OCR 1. 1929 komplett Stadtwächter.txt,tm-de-all-v2.0_tp26_de,0.027
OCR 1. 1929 komplett Stadtwächter.txt,tm-de-all-v2.0_tp11_de,0.027
OCR 1. 1929 komplett Stadtwächter.txt,tm-de-all-v2.0_tp85_de,0.027
OCR 10 1929 Ausgabe.txt,tm-de-all-v2.0_tp15_de,0.045
OCR 10 1929 Ausgabe.txt,tm-de-all-v2.0_tp89_de,0.045
OCR 10 1929 Ausgabe.txt,tm-de-all-v2.0_tp58_de,0.045
OCR 10 1929 Ausgabe.txt,tm-de-all-v2.0_tp26_de,0.027
OCR 10 1929 Ausgabe.txt,tm-de-all-v2.0_tp11_de,0.027
OCR 10 1929 Ausgabe.txt,tm-de-all-v2.0_tp85_de,0.027
OCR 11 1929 komplett.txt,tm-de-all-v2.0_tp15_de,0.045
OCR 11 1929 komplett.txt,tm-de-all-v2.0_tp89_de,0.045
OCR 11 1929 komplett.txt,tm-de-all-v2.0_tp58_de,0.045
OCR 11 1929 komplett.txt,tm-de-all-v2.0_tp26_de,0.027
OCR 11 1929 komplett.txt,tm-de-all-v2.0_tp11_de,0.027
OCR 11 1929 komplett.txt,tm-de-all-v2.0_tp85_de,0.027
OCR 12 1929 korrekt.txt,tm-de-all-v2.0_tp15_de,0.045
OCR 12 1929 korrekt.txt,tm-de-all-v2.0_tp89_de,0.045
OCR 12 1929 korrekt.txt,tm-de-all-v2.0_tp58_de,0.045
OCR 12 1929 korrekt.txt,tm-de-all-v2.0_tp26_de,0.027
OCR 12 1929 korrekt.txt,tm-de-all-v2.0_tp11_de,0.027
OCR 12 1929 korrekt.txt,tm-de-all-v2.0_tp85_de,0.027
OCR 13 1929 Korrekt.txt,tm-de-all-v2.0_tp15_de,0.045
OCR 13 1929 Korrekt.txt,tm-de-all-v2.0_tp89_de,0.045
OCR 13 1929 Korrekt.txt,tm-de-all-v2.0_tp58_de,0.045
OCR 13 1929 Korrekt.txt,tm-de-all-v2.0_tp26_de,0.027
OCR 13 1929 Korrekt.txt,tm-de-all-v2.0_tp11_de,0.027
OCR 13 1929 Korrekt.txt,tm-de-all-v2.0_tp85_de,0.027
OCR 14 1929 korrekt.txt,tm-de-all-v2.0_tp15_de,0.045
OCR 14 1929 korrekt.txt,tm-de-all-v2.0_tp89_de,0.045
OCR 14 1929 korrekt.txt,tm-de-all-v2.0_tp58_de,0.045
OCR 14 1929 korrekt.txt,tm-de-all-v2.0_tp26_de,0.027
OCR 14 1929 korrekt.txt,tm-de-all-v2.0_tp11_de,0.027
OCR 14 1929 korrekt.txt,tm-de-all-v2.0_tp85_de,0.027
OCR 15 1929 korrekt.txt,tm-de-all-v2.0_tp15_de,0.045
OCR 15 1929 korrekt.txt,tm-de-all-v2.0_tp89_de,0.045
OCR 15 1929 korrekt.txt,tm-de-all-v2.0_tp58_de,0.045
OCR 15 1929 korrekt.txt,tm-de-all-v2.0_tp26_de,0.027
OCR 15 1929 korrekt.txt,tm-de-all-v2.0_tp11_de,0.027
OCR 15 1929 korrekt.txt,tm-de-all-v2.0_tp85_de,0.027
OCR 17. 1929 Ausgabe korrekt.txt,tm-de-all-v2.0_tp15_de,0.045
OCR 17. 1929 Ausgabe korrekt.txt,tm-de-all-v2.0_tp89_de,0.045
OCR 17. 1929 Ausgabe korrekt.txt,tm-de-all-v2.0_tp58_de,0.045
OCR 17. 1929 Ausgabe korrekt.txt,tm-de-all-v2.0_tp26_de,0.027
OCR 17. 1929 Ausgabe korrekt.txt,tm-de-all-v2.0_tp11_de,0.027
OCR 17. 1929 Ausgabe korrekt.txt,tm-de-all-v2.0_tp85_de,0.027
OCR 18. 1929 Ausgabe korrekt.txt,tm-de-all-v2.0_tp15_de,0.045
OCR 18. 1929 Ausgabe korrekt.txt,tm-de-all-v2.0_tp89_de,0.045
OCR 18. 1929 Ausgabe korrekt.txt,tm-de-all-v2.0_tp58_de,0.045
OCR 18. 1929 Ausgabe korrekt.txt,tm-de-all-v2.0_tp26_de,0.027
OCR 18. 1929 Ausgabe korrekt.txt,tm-de-all-v2.0_tp11_de,0.027
OCR 18. 1929 Ausgabe korrekt.txt,tm-de-all-v2.0_tp85_de,0.027
OCR 19. 1929 Ausgabe korrekt.txt,tm-de-all-v2.0_tp15_de,0.045
OCR 19. 1929 Ausgabe korrekt.txt,tm-de-all-v2.0_tp89_de,0.045
OCR 19. 1929 Ausgabe korrekt.txt,tm-de-all-v2.0_tp58_de,0.045
OCR 19. 1929 Ausgabe korrekt.txt,tm-de-all-v2.0_tp26_de,0.027
OCR 19. 1929 Ausgabe korrekt.txt,tm-de-all-v2.0_tp11_de,0.027
OCR 19. 1929 Ausgabe korrekt.txt,tm-de-all-v2.0_tp85_de,0.027
OCR 19. 1930 Ausgabe.txt,tm-de-all-v2.0_tp15_de,0.045
OCR 19. 1930 Ausgabe.txt,tm-de-all-v2.0_tp89_de,0.045
OCR 19. 1930 Ausgabe.txt,tm-de-all-v2.0_tp58_de,0.045
OCR 19. 1930 Ausgabe.txt,tm-de-all-v2.0_tp26_de,0.027
OCR 19. 1930 Ausgabe.txt,tm-de-all-v2.0_tp11_de,0.027
OCR 19. 1930 Ausgabe.txt,tm-de-all-v2.0_tp85_de,0.027
OCR 2 1929 Ausgabe Stadtwächter.txt,tm-de-all-v2.0_tp15_de,0.045
OCR 2 1929 Ausgabe Stadtwächter.txt,tm-de-all-v2.0_tp89_de,0.045
OCR 2 1929 Ausgabe Stadtwächter.txt,tm-de-all-v2.0_tp58_de,0.045
OCR 2 1929 Ausgabe Stadtwächter.txt,tm-de-all-v2.0_tp26_de,0.027
OCR 2 1929 Ausgabe Stadtwächter.txt,tm-de-all-v2.0_tp11_de,0.027
OCR 2 1929 Ausgabe Stadtwächter.txt,tm-de-all-v2.0_tp85_de,0.027
OCR 2. Ausgabe 1930.txt,tm-de-all-v2.0_tp15_de,0.045
OCR 2. Ausgabe 1930.txt,tm-de-all-v2.0_tp89_de,0.045
OCR 2. Ausgabe 1930.txt,tm-de-all-v2.0_tp58_de,0.045
OCR 2. Ausgabe 1930.txt,tm-de-all-v2.0_tp26_de,0.027
OCR 2. Ausgabe 1930.txt,tm-de-all-v2.0_tp11_de,0.027
OCR 2. Ausgabe 1930.txt,tm-de-all-v2.0_tp85_de,0.027
OCR 20. 1929 Ausgabe.txt,tm-de-all-v2.0_tp15_de,0.045
OCR 20. 1929 Ausgabe.txt,tm-de-all-v2.0_tp89_de,0.045
OCR 20. 1929 Ausgabe.txt,tm-de-all-v2.0_tp58_de,0.045
OCR 20. 1929 Ausgabe.txt,tm-de-all-v2.0_tp26_de,0.027
OCR 20. 1929 Ausgabe.txt,tm-de-all-v2.0_tp11_de,0.027
OCR 20. 1929 Ausgabe.txt,tm-de-all-v2.0_tp85_de,0.027
OCR 21. 1929 Ausgabe.txt,tm-de-all-v2.0_tp15_de,0.045
OCR 21. 1929 Ausgabe.txt,tm-de-all-v2.0_tp89_de,0.045
OCR 21. 1929 Ausgabe.txt,tm-de-all-v2.0_tp58_de,0.045
OCR 21. 1929 Ausgabe.txt,tm-de-all-v2.0_tp26_de,0.027
OCR 21. 1929 Ausgabe.txt,tm-de-all-v2.0_tp11_de,0.027
OCR 21. 1929 Ausgabe.txt,tm-de-all-v2.0_tp85_de,0.027
OCR 22. 1929 Ausgabe.txt,tm-de-all-v2.0_tp15_de,0.045
OCR 22. 1929 Ausgabe.txt,tm-de-all-v2.0_tp89_de,0.045
OCR 22. 1929 Ausgabe.txt,tm-de-all-v2.0_tp58_de,0.045
OCR 22. 1929 Ausgabe.txt,tm-de-all-v2.0_tp26_de,0.027
OCR 22. 1929 Ausgabe.txt,tm-de-all-v2.0_tp11_de,0.027
OCR 22. 1929 Ausgabe.txt,tm-de-all-v2.0_tp85_de,0.027
OCR 23. 1929 Ausgabe.txt,tm-de-all-v2.0_tp15_de,0.045
OCR 23. 1929 Ausgabe.txt,tm-de-all-v2.0_tp89_de,0.045
OCR 23. 1929 Ausgabe.txt,tm-de-all-v2.0_tp58_de,0.045
OCR 23. 1929 Ausgabe.txt,tm-de-all-v2.0_tp26_de,0.027
OCR 23. 1929 Ausgabe.txt,tm-de-all-v2.0_tp11_de,0.027
OCR 23. 1929 Ausgabe.txt,tm-de-all-v2.0_tp85_de,0.027
OCR 24. 1929 Ausgabe.txt,tm-de-all-v2.0_tp15_de,0.045
OCR 24. 1929 Ausgabe.txt,tm-de-all-v2.0_tp89_de,0.045
OCR 24. 1929 Ausgabe.txt,tm-de-all-v2.0_tp58_de,0.045
OCR 24. 1929 Ausgabe.txt,tm-de-all-v2.0_tp26_de,0.027
OCR 24. 1929 Ausgabe.txt,tm-de-all-v2.0_tp11_de,0.027
OCR 24. 1929 Ausgabe.txt,tm-de-all-v2.0_tp85_de,0.027
OCR 25. 1929 Ausgabe.txt,tm-de-all-v2.0_tp15_de,0.045
OCR 25. 1929 Ausgabe.txt,tm-de-all-v2.0_tp89_de,0.045
OCR 25. 1929 Ausgabe.txt,tm-de-all-v2.0_tp58_de,0.045
OCR 25. 1929 Ausgabe.txt,tm-de-all-v2.0_tp26_de,0.027
OCR 25. 1929 Ausgabe.txt,tm-de-all-v2.0_tp11_de,0.027
OCR 25. 1929 Ausgabe.txt,tm-de-all-v2.0_tp85_de,0.027
OCR 26. 1929 Ausgabe.txt,tm-de-all-v2.0_tp15_de,0.045
OCR 26. 1929 Ausgabe.txt,tm-de-all-v2.0_tp89_de,0.045
OCR 26. 1929 Ausgabe.txt,tm-de-all-v2.0_tp58_de,0.045
OCR 26. 1929 Ausgabe.txt,tm-de-all-v2.0_tp26_de,0.027
OCR 26. 1929 Ausgabe.txt,tm-de-all-v2.0_tp11_de,0.027
OCR 26. 1929 Ausgabe.txt,tm-de-all-v2.0_tp85_de,0.027
OCR 27. 1929 Ausgabe.txt,tm-de-all-v2.0_tp15_de,0.045
OCR 27. 1929 Ausgabe.txt,tm-de-all-v2.0_tp89_de,0.045
OCR 27. 1929 Ausgabe.txt,tm-de-all-v2.0_tp58_de,0.045
OCR 27. 1929 Ausgabe.txt,tm-de-all-v2.0_tp26_de,0.027
OCR 27. 1929 Ausgabe.txt,tm-de-all-v2.0_tp11_de,0.027
OCR 27. 1929 Ausgabe.txt,tm-de-all-v2.0_tp85_de,0.027
OCR 28. 1929 Ausgabe.txt,tm-de-all-v2.0_tp15_de,0.045
OCR 28. 1929 Ausgabe.txt,tm-de-all-v2.0_tp89_de,0.045
OCR 28. 1929 Ausgabe.txt,tm-de-all-v2.0_tp58_de,0.045
OCR 28. 1929 Ausgabe.txt,tm-de-all-v2.0_tp26_de,0.027
OCR 28. 1929 Ausgabe.txt,tm-de-all-v2.0_tp11_de,0.027
OCR 28. 1929 Ausgabe.txt,tm-de-all-v2.0_tp85_de,0.027
OCR 29. 1929 Ausgabe.txt,tm-de-all-v2.0_tp15_de,0.045
OCR 29. 1929 Ausgabe.txt,tm-de-all-v2.0_tp89_de,0.045
OCR 29. 1929 Ausgabe.txt,tm-de-all-v2.0_tp58_de,0.045
OCR 29. 1929 Ausgabe.txt,tm-de-all-v2.0_tp26_de,0.027
OCR 29. 1929 Ausgabe.txt,tm-de-all-v2.0_tp11_de,0.027
OCR 29. 1929 Ausgabe.txt,tm-de-all-v2.0_tp85_de,0.027
OCR 3 1929 komplett Stadtwächter.txt,tm-de-all-v2.0_tp15_de,0.045
OCR 3 1929 komplett Stadtwächter.txt,tm-de-all-v2.0_tp89_de,0.045
OCR 3 1929 komplett Stadtwächter.txt,tm-de-all-v2.0_tp58_de,0.045
OCR 3 1929 komplett Stadtwächter.txt,tm-de-all-v2.0_tp26_de,0.027
OCR 3 1929 komplett Stadtwächter.txt,tm-de-all-v2.0_tp11_de,0.027
OCR 3 1929 komplett Stadtwächter.txt,tm-de-all-v2.0_tp85_de,0.027
OCR 3. Ausgabe 1930.txt,tm-de-all-v2.0_tp15_de,0.045
OCR 3. Ausgabe 1930.txt,tm-de-all-v2.0_tp89_de,0.045
OCR 3. Ausgabe 1930.txt,tm-de-all-v2.0_tp58_de,0.045
OCR 3. Ausgabe 1930.txt,tm-de-all-v2.0_tp26_de,0.027
OCR 3. Ausgabe 1930.txt,tm-de-all-v2.0_tp11_de,0.027
OCR 3. Ausgabe 1930.txt,tm-de-all-v2.0_tp85_de,0.027
OCR 30. 1929 Ausgabe.txt,tm-de-all-v2.0_tp15_de,0.045
OCR 30. 1929 Ausgabe.txt,tm-de-all-v2.0_tp89_de,0.045
OCR 30. 1929 Ausgabe.txt,tm-de-all-v2.0_tp58_de,0.045
OCR 30. 1929 Ausgabe.txt,tm-de-all-v2.0_tp26_de,0.027
OCR 30. 1929 Ausgabe.txt,tm-de-all-v2.0_tp11_de,0.027
OCR 30. 1929 Ausgabe.txt,tm-de-all-v2.0_tp85_de,0.027
OCR 31. 1929 Ausgabe.txt,tm-de-all-v2.0_tp15_de,0.045
OCR 31. 1929 Ausgabe.txt,tm-de-all-v2.0_tp89_de,0.045
OCR 31. 1929 Ausgabe.txt,tm-de-all-v2.0_tp58_de,0.045
OCR 31. 1929 Ausgabe.txt,tm-de-all-v2.0_tp26_de,0.027
OCR 31. 1929 Ausgabe.txt,tm-de-all-v2.0_tp11_de,0.027
OCR 31. 1929 Ausgabe.txt,tm-de-all-v2.0_tp85_de,0.027
OCR 32. 1929 Ausgabe-1.txt,tm-de-all-v2.0_tp15_de,0.045
OCR 32. 1929 Ausgabe-1.txt,tm-de-all-v2.0_tp89_de,0.045
OCR 32. 1929 Ausgabe-1.txt,tm-de-all-v2.0_tp58_de,0.045
OCR 32. 1929 Ausgabe-1.txt,tm-de-all-v2.0_tp26_de,0.027
OCR 32. 1929 Ausgabe-1.txt,tm-de-all-v2.0_tp11_de,0.027
OCR 32. 1929 Ausgabe-1.txt,tm-de-all-v2.0_tp85_de,0.027
OCR 33. 1929 Ausgabe.txt,tm-de-all-v2.0_tp15_de,0.045
OCR 33. 1929 Ausgabe.txt,tm-de-all-v2.0_tp89_de,0.045
OCR 33. 1929 Ausgabe.txt,tm-de-all-v2.0_tp58_de,0.045
OCR 33. 1929 Ausgabe.txt,tm-de-all-v2.0_tp26_de,0.027
OCR 33. 1929 Ausgabe.txt,tm-de-all-v2.0_tp11_de,0.027
OCR 33. 1929 Ausgabe.txt,tm-de-all-v2.0_tp85_de,0.027
OCR 34. 1929 Ausgabe.txt,tm-de-all-v2.0_tp15_de,0.045
OCR 34. 1929 Ausgabe.txt,tm-de-all-v2.0_tp89_de,0.045
OCR 34. 1929 Ausgabe.txt,tm-de-all-v2.0_tp58_de,0.045
OCR 34. 1929 Ausgabe.txt,tm-de-all-v2.0_tp26_de,0.027
OCR 34. 1929 Ausgabe.txt,tm-de-all-v2.0_tp11_de,0.027
OCR 34. 1929 Ausgabe.txt,tm-de-all-v2.0_tp85_de,0.027
OCR 35. 1929 Ausgabe .txt,tm-de-all-v2.0_tp15_de,0.045
OCR 35. 1929 Ausgabe .txt,tm-de-all-v2.0_tp89_de,0.045
OCR 35. 1929 Ausgabe .txt,tm-de-all-v2.0_tp58_de,0.045
OCR 35. 1929 Ausgabe .txt,tm-de-all-v2.0_tp26_de,0.027
OCR 35. 1929 Ausgabe .txt,tm-de-all-v2.0_tp11_de,0.027
OCR 35. 1929 Ausgabe .txt,tm-de-all-v2.0_tp85_de,0.027
OCR 36. 1929 Ausgabe.txt,tm-de-all-v2.0_tp15_de,0.045
OCR 36. 1929 Ausgabe.txt,tm-de-all-v2.0_tp89_de,0.045
OCR 36. 1929 Ausgabe.txt,tm-de-all-v2.0_tp58_de,0.045
OCR 36. 1929 Ausgabe.txt,tm-de-all-v2.0_tp26_de,0.027
OCR 36. 1929 Ausgabe.txt,tm-de-all-v2.0_tp11_de,0.027
OCR 36. 1929 Ausgabe.txt,tm-de-all-v2.0_tp85_de,0.027
OCR 4 1929 komplett Stadtwächter.txt,tm-de-all-v2.0_tp15_de,0.045
OCR 4 1929 komplett Stadtwächter.txt,tm-de-all-v2.0_tp89_de,0.045
OCR 4 1929 komplett Stadtwächter.txt,tm-de-all-v2.0_tp58_de,0.045
OCR 4 1929 komplett Stadtwächter.txt,tm-de-all-v2.0_tp26_de,0.027
OCR 4 1929 komplett Stadtwächter.txt,tm-de-all-v2.0_tp11_de,0.027
OCR 4 1929 komplett Stadtwächter.txt,tm-de-all-v2.0_tp85_de,0.027
OCR 4. Ausgabe 1930.txt,tm-de-all-v2.0_tp15_de,0.045
OCR 4. Ausgabe 1930.txt,tm-de-all-v2.0_tp89_de,0.045
OCR 4. Ausgabe 1930.txt,tm-de-all-v2.0_tp58_de,0.045
OCR 4. Ausgabe 1930.txt,tm-de-all-v2.0_tp26_de,0.027
OCR 4. Ausgabe 1930.txt,tm-de-all-v2.0_tp11_de,0.027
OCR 4. Ausgabe 1930.txt,tm-de-all-v2.0_tp85_de,0.027
OCR 5. 1929 komplett Stadtwächter.txt,tm-de-all-v2.0_tp15_de,0.045
OCR 5. 1929 komplett Stadtwächter.txt,tm-de-all-v2.0_tp89_de,0.045
OCR 5. 1929 komplett Stadtwächter.txt,tm-de-all-v2.0_tp58_de,0.045
OCR 5. 1929 komplett Stadtwächter.txt,tm-de-all-v2.0_tp26_de,0.027
OCR 5. 1929 komplett Stadtwächter.txt,tm-de-all-v2.0_tp11_de,0.027
OCR 5. 1929 komplett Stadtwächter.txt,tm-de-all-v2.0_tp85_de,0.027
OCR 9. 1929 korrekt.txt,tm-de-all-v2.0_tp15_de,0.045
OCR 9. 1929 korrekt.txt,tm-de-all-v2.0_tp89_de,0.045
OCR 9. 1929 korrekt.txt,tm-de-all-v2.0_tp58_de,0.045
OCR 9. 1929 korrekt.txt,tm-de-all-v2.0_tp26_de,0.027
OCR 9. 1929 korrekt.txt,tm-de-all-v2.0_tp11_de,0.027
OCR 9. 1929 korrekt.txt,tm-de-all-v2.0_tp85_de,0.027
