Nr,Datei,Treffer-Wortform,Kontext
1,01. Ausgabe 1930.txt,Sozialdemokratischen,"“ , der Lautsprecher 
 der Sozialdemokratischen Partei Deutschlands , stellt das bereits"
2,01. Ausgabe 1930.txt,sozialdemokratischen,"nichts . Das Abtreten des 
 sozialdemokratischen Finanzministers hat andere Gründe , die"
3,01. Ausgabe 1931-1.txt,Sozialdemokratie,"die Adenauer 
 ergebenen Parteien , Sozialdemokratie und Zentrum , beschlossen haben ."
4,01. Ausgabe 1931-1.txt,sozialdemokratischem,"zwölfjährigem Phrasentum , nach 12-jährigem 
 sozialdemokratischem „ Segen “ , wie gesagt"
5,01. Ausgabe 1931-1.txt,sozialdemokratischen,"findet man in diesem so echt sozialdemokratischen Phrasentum . 
 Bieder und schlicht"
6,01. Ausgabe 1931-1.txt,Sozialdemokratie,"dank der öfter erwähnten 12 Jahre Sozialdemokratie , glänzend bergab . Auch diese"
7,01. Ausgabe 1931-1.txt,Sozialdemokraten,"des Nationalsozialisten Dr. Feder mit dem Sozialdemokraten Dr. 
 Nölting . Ach Alwine"
8,02. Ausgabe 1931-1.txt,Sozialdemokratie,"die Schuld der Führer der deutschen Sozialdemokratie an der deutschen 
 Niederlage ."
9,02. Ausgabe 1931-1.txt,Sozialdemokraten,", wie gerade durch die 
 Sozialdemokraten im Verein mit ihm die Revolutionierung"
10,02. Ausgabe 1931-1.txt,sozialdemokratischen,"nagelt die 
 Schuld der damaligen sozialdemokratischen Führer unwiderlegbar fest . Besonders im"
11,02. Ausgabe 1931-1.txt,Sozialdemokraten,"enger Verbindung mit den deutschen 
 Sozialdemokraten . „ Am schwersten , “"
12,02. Ausgabe 1931-1.txt,sozialdemokratischen,"Führer und anerkannte 
 Chef der sozialdemokratischen Partei . “ Desgranges war selbst"
13,03. Ausgabe 1931-1.txt,Sozialdemokratische,"in Ahlen 
 i. W. — Sozialdemokratische Kirchenhetze — Vernichtung der Tabakindustrie —"
14,03. Ausgabe 1931-1.txt,Sozialdemokratie,"politischen Ehe zwischen Zentrum und 
 Sozialdemokratie gekommen . 
 Ich sage widernatürlich"
15,03. Ausgabe 1931-1.txt,sozialdemokratischen,"hat es auf 
 Grund seines sozialdemokratischen Parteibuches Herr Tempel gebracht . Warum"
16,03. Ausgabe 1931-1.txt,Sozialdemokratische,"Behörden außerordentlich unbequem ist . 
 Sozialdemokratische Kirchenhetze In der Berliner Parteibuchhandlung der"
17,03. Ausgabe 1931-1.txt,Sozialdemokratie,"an Schulter mit der 
 judenfreundlichen Sozialdemokratie . 
 Taschendiebe Die Redensart :"
18,04. Ausgabe 1931.txt,Sozialdemokraten,"Gottlosen , die 
 Freidenker , Sozialdemokraten oder Kommunisten verantwortlich zu machen ."
19,05. Ausgabe 1930-1.txt,Sozialdemokraten,"wie auch seitens des Rathaus-Sammelsuriums von Sozialdemokraten , Zentrum und 
 „ Bürgerlichen"
20,06. Ausgabe 1930-1.txt,sozialdemokratischen,"Der Gipfel der Geschmacklosigkeit In dem sozialdemokratischen Hildesheimer „ Volksblatt “ 
 fand"
21,06. Ausgabe 1930.txt,sozialdemokratischen,"Der Gipfel der Geschmacklosigkeit In dem sozialdemokratischen Hildesheimer „ Volksblatt “ 
 fand"
22,07. Ausgabe 1931-1.txt,Sozialdemokratie,"Verrates , unter der Führung der Sozialdemokratie zustande 
 gekommen , ist der"
23,07. Ausgabe 1931-1.txt,Sozialdemokratie,", der sie der Lehre der Sozialdemokratie gemäß 
 huldigen , schließlich nichts"
24,07. Ausgabe 1931-1.txt,sozialdemokratischen,"diesem Plan schrieb das Zentralorgan der sozialdemokratischen Partei in Nr. 61 vom 
"
25,07. Ausgabe 1931-1.txt,Sozialdemokratie,"der unzähligen Blüten des Zentralorgans der Sozialdemokratie . 
 --- SEITE 4 ---"
26,07. Ausgabe 1931-1.txt,sozialdemokratische,"mir damals gesagt : Wenn die sozialdemokratische 
 Presse einen aufrichtigen , gläubigen"
27,08. Ausgabe 1930-1.txt,Sozialdemokraten,"die Einsichtnahme zu gestatten sei . Sozialdemokraten , Zentrum und 
 „ Bürgerliche"
28,08. Ausgabe 1930-1.txt,Sozialdemokraten,"Das gilt allen : Magistrat , Sozialdemokraten , Zentrum und Bürgerblock . 
"
29,08. Ausgabe 1930-1.txt,Sozialdemokraten,"
 Auf die albernen Bemerkungen eines Sozialdemokraten Haas einzugehen , lohnt sich nun"
30,08. Ausgabe 1930-1.txt,Sozialdemokrat,"gutes Beispiel 
 Robert Schmidt , Sozialdemokrat und bereits mehrfach Minister , eine"
31,08. Ausgabe 1930-1.txt,sozialdemokratischen,"in die Arbeiterbewegung . Die 
 sozialdemokratischen Redakteure trieben mit dem arbeitenden Volke"
32,08. Ausgabe 1930.txt,Sozialdemokraten,"die Einsichtnahme zu gestatten sei . Sozialdemokraten , Zentrum und 
 „ Bürgerliche"
33,08. Ausgabe 1930.txt,Sozialdemokraten,"Das gilt allen : Magistrat , Sozialdemokraten , Zentrum und Bürgerblock . 
"
34,08. Ausgabe 1930.txt,Sozialdemokraten,"
 Auf die albernen Bemerkungen eines Sozialdemokraten Haas einzugehen , lohnt sich nun"
35,08. Ausgabe 1930.txt,Sozialdemokrat,"gutes Beispiel 
 Robert Schmidt , Sozialdemokrat und bereits mehrfach Minister , eine"
36,08. Ausgabe 1930.txt,sozialdemokratischen,"in die Arbeiterbewegung . Die 
 sozialdemokratischen Redakteure trieben mit dem arbeitenden Volke"
37,08. Ausgabe 1931-1.txt,sozialdemokratisch,"“ den Melkerverband dauernd als 
 sozialdemokratisch bezeichnete . Durch mehrere Instanzen laufend"
38,08. Ausgabe 1931-1.txt,sozialdemokratische,"dass tatsächlich die freien 
 Gewerkschaften sozialdemokratische Gewerkschaften sind . So auch der"
39,08. Ausgabe 1931-1.txt,sozialdemokratisch,"
 Paragraph 2 seiner Satzungen sich sozialdemokratisch betätigt , die Ziele der 
"
40,08. Ausgabe 1931-1.txt,Sozialdemokratischen,"betätigt , die Ziele der 
 Sozialdemokratischen Partei fördert , also ein sozialdemokratischer"
41,08. Ausgabe 1931-1.txt,sozialdemokratischer,"Sozialdemokratischen Partei fördert , also ein sozialdemokratischer Verband im Sinne der 
 Behauptung"
42,09. Ausgabe 1930-1.txt,Sozialdemokraten,"Keine 10 Minuten . Die 
 Sozialdemokraten bringen am Schluss der Sitzung eine"
43,09. Ausgabe 1930-1.txt,Sozialdemokratische,"dann die christliche Arbeitsgemeinschaft , 
 Sozialdemokratische und Z-Fraktion [ Zentrums-Fraktion ] nebst"
44,09. Ausgabe 1930-2.txt,Sozialdemokraten,"Keine 10 Minuten . Die 
 Sozialdemokraten bringen am Schluss der Sitzung eine"
45,09. Ausgabe 1930-2.txt,Sozialdemokratische,"dann die christliche Arbeitsgemeinschaft , 
 Sozialdemokratische und Z-Fraktion [ Zentrums-Fraktion ] nebst"
46,09. Ausgabe 1931-1.txt,Sozialdemokrat,"August Winnig , der 
 frühere Sozialdemokrat , ist einer der besten Kenner"
47,09. Ausgabe 1931-1.txt,Sozialdemokratie,"jüdisches Schutzbedürfnis beteiligt ist . Die Sozialdemokratie 
 nimmt sie gern auf ."
48,09. Ausgabe 1931-1.txt,sozialdemokratische,"staatlicher Ämter kommt den Juden der sozialdemokratische 
 Einfluss zugute . Jüdische Autoren"
49,09. Ausgabe 1931-1.txt,sozialdemokratischer,"hatte seinen Beruf aufgegeben , um sozialdemokratischer Redakteur für kleines 
 Geld ,"
50,09. Ausgabe 1931-1.txt,Sozialdemokrat,", warum er als Jude 
 Sozialdemokrat geworden sei . Die Antwort war"
51,10. Ausgabe 1931.txt,sozialdemokratischen,"“ beschlagnahmt 
 Auf Antrag des sozialdemokratischen Abgeordneten Küttner , Redakteur des „"
52,10. Ausgabe 1931.txt,Sozialdemokraten,"usw. hingestellt . 
 Nur die Sozialdemokraten und vor allem das Reichsbanner waren"
53,11. Ausgabe 1930.txt,Sozialdemokratie,"Bürgertums ist hier . 
 Kaiserliche Sozialdemokratie 
 Auf unseren Artikel in der"
54,11. Ausgabe 1930.txt,Sozialdemokraten,"sehr den Ärger der 
 kaiserlichen Sozialdemokraten vorstellen darüber , daß Wilhelm II."
55,11. Ausgabe 1930.txt,Sozialdemokraten,"gegenüber als das Bild eines mustergültigen Sozialdemokraten 
 erscheinen . Erblickt er etwa"
56,12. Ausgabe 1930.txt,Sozialdemokraten,"von dem gesamten Rathausverein , also Sozialdemokraten , 
 Zentrum und Bürgerblock genau"
57,12. Ausgabe 1930.txt,Sozialdemokraten,"Stadtsäckel gerissen hat . Zentrum , Sozialdemokraten , Bürgerblock 
 haben es nach"
58,12. Ausgabe 1930.txt,Sozialdemokraten,": Genosse Gewerkschaftssekretär Maas für die Sozialdemokraten , 
 Gewerkschaftssekretär Bredow für das"
59,12. Ausgabe 1930.txt,Sozialdemokratischen,"sich bei dem 
 Programm dieser Sozialdemokratischen Partei gemäß von selbst . Sie"
60,12. Ausgabe 1930.txt,Sozialdemokraten,die Pleite zugleich der Politik der Sozialdemokraten und deren Regierungsfreunde sein : die
61,13. Ausgabe 1930.txt,sozialdemokratische,"aber ein Blatt , wie die sozialdemokratische „ Freie “ Presse hier in"
62,13. Ausgabe 1930.txt,Sozialdemokratischen,"der Bürgerlichen Arbeitsgemeinschaft , der 
 Sozialdemokratischen Fraktion und des Zentrums , kurz"
63,13. Ausgabe 1931-1.txt,Sozialdemokraten,"Beseitigung beanstandeter Stellen ( die den Sozialdemokraten Stücklen 
 betreffen ) wieder aufgehoben"
64,13. Ausgabe 1931-1.txt,Sozialdemokratie,"von 
 seinen Bindungen mit der Sozialdemokratie nicht ab und regierte unter Brüning"
65,13. Ausgabe 1931-1.txt,Sozialdemokratie,"regierte unter Brüning mit der 
 Sozialdemokratie , auch wo diese nicht in"
66,13. Ausgabe 1931-1.txt,Sozialdemokraten,"parlamentarischen Kniffe die bisherige Koalition zwischen Sozialdemokraten und Zentrum 
 aufrechtzuerhalten , um"
67,13. Ausgabe 1931-1.txt,sozialdemokratische,"Herrenfahrer kein anderer als der 
 sozialdemokratische Parteivorsitzende , Parvus-Helphand- und Bacmot-Freund ,"
68,14. Ausgabe 1931-1.txt,Sozialdemokratischen,"Lohmann , früher Mitglied der 
 Sozialdemokratischen Partei , übernahm den Verlag ."
69,14. Ausgabe 1931-1.txt,Sozialdemokrat,"Hamede , der ursprünglich auch 
 Sozialdemokrat war oder doch der Sozialdemokratischen Partei"
70,14. Ausgabe 1931-1.txt,Sozialdemokratischen,"
 Sozialdemokrat war oder doch der Sozialdemokratischen Partei sehr nahe stand , blieb"
71,14. Ausgabe 1931-1.txt,Sozialdemokraten,". In Braunschweig hatten 
 die Sozialdemokraten verboten , Religion in den Schulen"
72,15. Ausgabe 1930-2.txt,Sozialdemokratie,"geschlossen die Vertreter der Wirtschaftspartei und Sozialdemokratie . Unverständlich und mit 
 ihrer"
73,16. Ausgabe 1929 OCR korrekt.txt,sozialdemokratischen,"nicht ganz stimmen ! Der 
 sozialdemokratischen Mitglieder dieser Regierung so muß es"
74,16. Ausgabe 1929 OCR korrekt.txt,Sozialdemokraten,"vor den Wahlen 
 durch die Sozialdemokraten locken lassen und empfängt jetzt die"
75,16. Ausgabe 1929 OCR korrekt.txt,Sozialdemokrat,"jüdischen Gönners Hilferding , der 
 Sozialdemokrat und frühere Reichsminister und jetzige Präsident"
76,16. Ausgabe 1929 OCR korrekt.txt,Sozialdemokraten,"verlangte . Der Sprecher der 
 Sozialdemokraten , der dicke Herz , hatte"
77,16. Ausgabe 1930-1.txt,Sozialdemokraten,"und zwar von dem kommunistisch angehauchten Sozialdemokraten und Atheisten 
 Hans Wunderlich ,"
78,16. Ausgabe OCR korrekt.txt,sozialdemokratischen,"nicht ganz stimmen ! Der 
 sozialdemokratischen Mitglieder dieser Regierung so muß es"
79,16. Ausgabe OCR korrekt.txt,Sozialdemokraten,"vor den Wahlen 
 durch die Sozialdemokraten locken lassen und empfängt jetzt die"
80,16. Ausgabe OCR korrekt.txt,Sozialdemokrat,"jüdischen Gönners Hilferding , der 
 Sozialdemokrat und frühere Reichsminister und jetzige Präsident"
81,16. Ausgabe OCR korrekt.txt,Sozialdemokraten,"verlangte . Der Sprecher der 
 Sozialdemokraten , der dicke Herz , hatte"
82,17. Ausgabe 1930.txt,Sozialdemokratie,"wilde Ehe , welche 
 die Sozialdemokratie mit dem Lieblingssprößling der Bürgerlichen Arbeitsgemeinschaft"
83,17. Ausgabe 1930.txt,Sozialdemokratie,"Gunstbezeugungen . 
 War nicht die Sozialdemokratie bereit , ihren eigenen Grundsätzen ins"
84,17. Ausgabe 1930.txt,sozialdemokratischen,"des Regierungs-Senators und des 
 andern sozialdemokratischen Vertreters erfolgt . Unendliche Selbstverleugnung ,"
85,17. Ausgabe 1930.txt,sozialdemokratischen,"Magistrat , dem auch die beiden sozialdemokratischen Senatoren angehören . Was tut man"
86,17. Ausgabe 1930.txt,Sozialdemokratie,"und denken nicht daran , die Sozialdemokratie von der Seite ihrer 
 geliebten"
87,17. Ausgabe 1931-1.txt,Sozialdemokraten,"“ 
 die geistige Munition der Sozialdemokraten und des Reichsbanners ( Hörsing am"
88,17. Ausgabe 1931-1.txt,sozialdemokratischen,". Rätselhaft ist der Eifer der sozialdemokratischen 
 Presse , mit dem sie"
89,17. Ausgabe 1931-1.txt,sozialdemokratischen,"„ Fridericus “ , den die sozialdemokratischen Bonzen mit Andacht zu lesen pflegen"
90,17. Ausgabe 1931-1.txt,sozialdemokratische,"Mann regte sich zwar nicht die sozialdemokratische 
 Presse , sondern Manns Verlag"
91,17. Ausgabe 1931-1.txt,Sozialdemokraten,"auch ein Mann , der den Sozialdemokraten ziemlich 
 nahesteht , nämlich der"
92,18. Ausgabe 1930-1.txt,sozialdemokratischen,"Preuß erging durch den damaligen 
 sozialdemokratischen Reichspräsidenten Ebert . Nach dessen Meinung"
93,18. Ausgabe 1930-1.txt,Sozialdemokratischen,"Stampfer als Hauptschriftleiter des Zentralorgans der Sozialdemokratischen Partei , des 
 „ Vorwärts"
94,18. Ausgabe 1930-1.txt,Sozialdemokratie,"
 führende Köpfe im Lager der Sozialdemokratie . Da fehlen auch die Namen"
95,18. Ausgabe 1930-1.txt,Sozialdemokratisches,"hier in Osnabrück bezeichnen ? 

 Sozialdemokratisches Unterbewusstsein 
 Es war der inzwischen"
96,18. Ausgabe 1930-1.txt,Sozialdemokratie,"Herr Grzesinski von der 
 internationalen Sozialdemokratie , der sich darüber ärgerte ,"
97,18. Ausgabe 1931.txt,Sozialdemokraten,"nicht zu retten . 
 Die Sozialdemokraten , diese Tausendsassas der Wirtschaft ,"
98,18. Ausgabe 1931.txt,Sozialdemokratie,"Erfolge des Zentrums und der 
 Sozialdemokratie haben wir täglich vor Augen ."
99,18. Ausgabe 1931.txt,Sozialdemokratie,"wir täglich vor Augen . Die Sozialdemokratie weiß schon , wie sie mit"
100,18. Ausgabe 1931.txt,Sozialdemokratie,"das Zentrum mit der 
 roten Sozialdemokratie ; mit dieser gott- und glaubenslosen"
101,18. Ausgabe 1931.txt,Sozialdemokratie,"Zentrum und die rote glaubenslose 
 Sozialdemokratie Arm in Arm zusammen . Muss"
102,20. Ausgabe 1931-1.txt,sozialdemokratische,"nicht 
 leichtsinnig . 
 Der sozialdemokratische Berliner Polizeipräsident Grzesinski hat einige Berliner"
103,21. Ausgabe 1930.txt,Sozialdemokratie,"die „ bürgerlich “ gewordene 
 Sozialdemokratie die Äußerlichkeiten einer satten Bourgeoisie sich"
104,21. Ausgabe 1930.txt,Sozialdemokraten,"und sonstiger Kunstbeflissener zieren führende 
 Sozialdemokraten , und man weiß , wie"
105,21. Ausgabe 1931-1.txt,Sozialdemokratie,"den Anschein , als wolle die Sozialdemokratie dem Kabinett Brüning keine 
 Schwierigkeiten"
106,21. Ausgabe 1931-1.txt,Sozialdemokraten,"mehr machen . Dafür haben die Sozialdemokraten ihren Antrag auf Erhöhung 
 der"
107,21. Ausgabe 1931-1.txt,Sozialdemokraten,"versetzen und sein Amt dem 
 Sozialdemokraten Kapuse zu übergeben . Was am"
108,22. Ausgabe 1930.txt,Sozialdemokraten,"Kohlbrecher unter 
 Anklage , den Sozialdemokraten Grewe mit zwei Artikeln über den"
109,22. Ausgabe 1930.txt,Sozialdemokraten,"hätten wir keine Kommunisten und keine Sozialdemokraten ! Es ist niemals 
 einzusehen"
110,22. Ausgabe 1930.txt,Sozialdemokraten,"nach parlamentarischem Anstand hatten die 
 Sozialdemokraten das Anrecht auf den Worthalterposten ."
111,22. Ausgabe 1930.txt,Sozialdemokraten,"
 dabei für den Kandidaten der Sozialdemokraten gestimmt . Denn ich sehe nicht"
112,22. Ausgabe 1930.txt,Sozialdemokrat,", warum nicht 
 auch ein Sozialdemokrat , sofern er dazu geeignet ist"
113,22. Ausgabe 1931-1.txt,sozialdemokratischer,"wir bereits berichteten , als 
 sozialdemokratischer Polizeipräsident von Berlin fünf Schutzpolizeibeamte vom"
114,22. Ausgabe 1931-1.txt,Sozialdemokratie,"
 obwohl heute selbst in der Sozialdemokratie nicht mehr geleugnet wird , daß"
115,22. Ausgabe 1931-1.txt,Sozialdemokraten,"die Juden so sehr mit den Sozialdemokraten 
 und Kommunisten für eine Verbesserung"
116,22. Ausgabe 1931-1.txt,sozialdemokratische,"Scharf geißelte der 
 Vortragende die sozialdemokratische Machtpolitik , die vor allem in"
117,23. Ausgabe 1930.txt,Sozialdemokratenpresse,"die intelligenten Köpfe der Zentrums- und Sozialdemokratenpresse werfen jetzt auch den 
 Schwindel"
118,23. Ausgabe 1930.txt,sozialdemokratische,"wird 
 Die Berliner jüdische und sozialdemokratische Stadträtin Weyhl ist des Gerüchts überführt"
119,23. Ausgabe 1930.txt,sozialdemokratisch,"
 beide politisch rot , also sozialdemokratisch eingestellt , gehören auch beide der"
120,23. Ausgabe 1930.txt,Sozialdemokratie,"zur 
 Verfügung steht . Die Sozialdemokratie fordert bei den Etatverhandlungen Rechenschaft über"
121,23. Ausgabe 1930.txt,Sozialdemokrat,"der neue preußische Kultusminister , der Sozialdemokrat Grimme , behält den Kopf oben"
122,23. Ausgabe 1931-1.txt,sozialdemokratische,"Judas Solde stehen , 
 irregeführte sozialdemokratische Arbeiter und der von seiner Kirche"
123,23. Ausgabe 1931-1.txt,Sozialdemokraten,"... Von dieser , nach den Sozialdemokraten sozialsten Partei werden als 
 Doppelverdiener"
124,23. Ausgabe 1931-1.txt,sozialdemokratische,"unlängst die Kunde , daß der sozialdemokratische Bürgermeister von 
 Altona , den"
125,23. Ausgabe 1931-1.txt,sozialdemokratische,"von 
 Altona , den die sozialdemokratische Partei als Nachfolger des berühmten Böß"
126,24. Ausgabe 1930.txt,sozialdemokratischen,"der „ Wirtschaftliche Beobachter “ einen sozialdemokratischen Aufsatz abgedruckt , in 
 welchem"
127,24. Ausgabe 1931-1.txt,sozialdemokratischen,"luxuriöse Ausstattung der Dienstwohnung des 
 sozialdemokratischen Landrats Dr. Guose . Diese Wohnung"
128,25. Ausgabe 1930.txt,Sozialdemokraten,"alles Recht und parlamentarischen Brauch den Sozialdemokraten den 
 Worthalterposten legal zu entreißen"
129,25. Ausgabe 1930.txt,Sozialdemokraten,"nicht wahr ? Mit den 
 Sozialdemokraten , die in Wirklichkeit keinen Funken"
130,25. Ausgabe 1930.txt,Sozialdemokratie,"Bolschewismus , wie ihn die regierende Sozialdemokratie und ihre 
 Handlanger unter Billigung"
131,25. Ausgabe 1930.txt,Sozialdemokratie,"der Zusammenhänge 
 schützend vor die Sozialdemokratie gestellt hat , so bleibt jede"
132,25. Ausgabe 1930.txt,Sozialdemokrat,"weil nicht er , sondern der Sozialdemokrat Staudinger zum 
 Staatssekretär im Handelsministerium"
133,25_26 Ausgabe 1931.txt,Sozialdemokratie,", die große 
 Widerstandskraft der Sozialdemokratie und das Anwachsen der Kommunistischen Partei"
134,25_26 Ausgabe 1931.txt,Sozialdemokraten,"Rom und Juda ( Zentrum und Sozialdemokraten ) machen alle Anstrengungen , das"
135,25_26 Ausgabe 1931.txt,Sozialdemokraten,"
 Juden bezw . ihre Kampftruppen Sozialdemokraten und Kommunisten . In beiden Parteien"
136,25_26 Ausgabe 1931.txt,Sozialdemokraten,"geborgen wie im Schoße der 
 Sozialdemokraten . Christliche Kirche und Kapitalismus sind"
137,25_26 Ausgabe 1931.txt,sozialdemokratisches,", Paulchen nämlich sein rotes , sozialdemokratisches Herz 
 entdeckte , machte er"
138,26. Ausgabe 1930.txt,Sozialdemokrat,"Da ist 
 zum Beispiel der Sozialdemokrat Wittrock in Kassel , der Freund"
139,26. Ausgabe 1930.txt,sozialdemokratischen,"Das von uns angeprangerte Festessen des sozialdemokratischen 
 Herrn Kultusministers Grimme im königlichen"
140,26. Ausgabe 1930.txt,sozialdemokratischer,"sehr geschmacklos , dass ein 
 sozialdemokratischer Minister in Zeiten bitterster Not in"
141,26. Ausgabe 1930.txt,Sozialdemokratie,"Hunger stillen können . “ 
 Sozialdemokratie und Bauernnot Das sozialdemokratische „ Potsdamer"
142,26. Ausgabe 1930.txt,sozialdemokratische,"“ 
 Sozialdemokratie und Bauernnot Das sozialdemokratische „ Potsdamer Volksblatt “ in 
"
143,27. Ausgabe 1930.txt,Sozialdemokraten,"bei den Kommunisten wie bei den Sozialdemokraten haben die Juden unbedingt die 
"
144,27. Ausgabe 1930.txt,sozialdemokratische,"die schwere Bürde des Amtes beispielsweise sozialdemokratische Abgeordnete 
 veranlasst , in die"
145,27. Ausgabe 1930.txt,sozialdemokratische,"ereignete sich in Bayern . Der sozialdemokratische 
 Abgeordnete Martin Gruber begab sich"
146,27_28. Ausgabe 1931.txt,Sozialdemokratie,"
 Schutztruppe der römischen , die Sozialdemokratie die der jüdischen Machthaber in 
"
147,27_28. Ausgabe 1931.txt,Sozialdemokratie,". Wenn sich Zentrum und 
 Sozialdemokratie mal gegenseitig Sand an die Fensterscheiben"
148,27_28. Ausgabe 1931.txt,Sozialdemokratie,"eine unter dem Einfluß der internationalen Sozialdemokratie stehende 
 Erfüllungs- , Handelsvertrags- ,"
149,27_28. Ausgabe 1931.txt,Sozialdemokratie,". Die stärkste Begünstigung erfuhr die Sozialdemokratie durch das 
 Zentrum , das"
150,27_28. Ausgabe 1931.txt,Sozialdemokratie,"gelungen , das Zentrum von der Sozialdemokratie zu lösen . Es hat daher"
151,28. Ausgabe 1930.txt,Sozialdemokratie,"die schafgeduldigen sogenannten 
 Arbeitervertreter der Sozialdemokratie auf dem Rathause . Diese Bürgervorsteher"
152,28. Ausgabe 1930.txt,sozialdemokratische,", war , daß die 
 sozialdemokratische Bauhütte beim Krankenkassenneubau auswärtige Maurer und"
153,28. Ausgabe 1930.txt,sozialdemokratische,"gehen müssen . So sieht die sozialdemokratische 
 Ankurbelungsarbeit in der Praxis aus"
154,28. Ausgabe 1930.txt,sozialdemokratischen,"
 kann , sondern auch die sozialdemokratischen Ortskrankenkassen . Anscheinend ist der richtige"
155,28. Ausgabe 1930.txt,sozialdemokratische,"Ob sich der 
 jüdische und sozialdemokratische Vorstand aber im Klaren darüber ist"
156,29. Ausgabe 1930.txt,Sozialdemokratie,"! 
 Weder ein Vertreter der Sozialdemokratie , noch ein Zentrumsmann , noch"
157,29. Ausgabe 1931.txt,Sozialdemokraten,". 

 Nicht die Kommunisten und Sozialdemokraten sind unsere Feinde , unsere Feinde"
158,29. Ausgabe 1931.txt,Sozialdemokrat,"
 Wer schreibt so ? Der Sozialdemokrat Ludwig Duessel 1929 in den „"
159,29. Ausgabe 1931.txt,sozialdemokratischen,"
 hat vor längerer Zeit einen sozialdemokratischen Demonstrationszug persönlich geleitet , der nur"
160,30. Ausgaabe 1930.txt,Sozialdemokratischer,"| Hauszinssteuer und Baugenossenschaften | 
 Sozialdemokratischer Regierungsrat als Betrüger | Ist so"
161,30. Ausgaabe 1930.txt,sozialdemokratischen,"eine Zahl , die sich die sozialdemokratischen Wähler hinter die Ohren schreiben und"
162,30. Ausgaabe 1930.txt,Sozialdemokratischer,"Heine ( Chaim Bückeburg ) 
 Sozialdemokratischer Regierungsrat als Betrüger 
 Eisleben ,"
163,30. Ausgaabe 1930.txt,sozialdemokratische,"Vorsitzende des Arbeitsamtes , der 
 sozialdemokratische Regierungsrat Müntter , zu 2 ½"
164,30. Ausgaabe 1930.txt,sozialdemokratisches,"die Gemeinden . 
 Ein liebliches sozialdemokratisches Idyll ist also durch rauhen Zugriff"
165,30. Ausgabe 1931.txt,sozialdemokratische,"
 Konkordat abgeschlossen , das der sozialdemokratische Ministerpräsident als Vorposten des 
 Judentums"
166,30. Ausgabe 1931.txt,Sozialdemokratie,"des Zentrums mit der 
 verjudeten Sozialdemokratie eingetreten ist . Es ist Unsinn"
167,30. Ausgabe 1931.txt,Sozialdemokratie,". Das Zentrum hat von der Sozialdemokratie die 
 Stärkung der Machtstellung der"
168,30. Ausgabe 1931.txt,Sozialdemokratie,"mußte 
 das Zentrum der jüdischen Sozialdemokratie in gleicher Weise wirtschaftliche und politische"
169,30. Ausgabe 1931.txt,Sozialdemokratie,", daß das Judentum 
 der Sozialdemokratie seine Volksverseuchung immer frecher betreiben darf"
170,31. Ausgabe 1930.txt,Sozialdemokraten,"die längste Zeit die Regierungskunst der Sozialdemokraten 
 unter Müller mit dem unvergesslichen"
171,31. Ausgabe 1930.txt,Sozialdemokraten,"wenig Neigung haben , Zentrum und Sozialdemokraten nach den Erfahrungen 
 der letzten"
172,31. Ausgabe 1930.txt,Sozialdemokraten,"letzten Augenblick gegen den Antrag der Sozialdemokraten stimmen würden . In 
 Finanzkreisen"
173,31. Ausgabe 1930.txt,Sozialdemokratie,"gesehen , wie die Führer der Sozialdemokratie den Arbeitern den Kampf 
 gegen"
174,31. Ausgabe 1930.txt,Sozialdemokratische,"Jahrhunderts , hat jetzt für die Sozialdemokratische 
 Partei einen Wahlaufruf erlassen ."
175,31. Ausgabe 1931.txt,sozialdemokratischen,"Baurats Dr. Wagner der Vorsitzende der sozialdemokratischen Landtagsfraktion , der 
 Jude Heilmann"
176,31. Ausgabe 1931.txt,Sozialdemokratie,"an diesen Zuständen trifft die 
 Sozialdemokratie und die Parteien , die mittelbar"
177,31. Ausgabe 1931.txt,Sozialdemokrat,"ist , daß Herr Schuler selbstverständlich Sozialdemokrat ist . Genau so , wie"
178,31. Ausgabe 1931.txt,sozialdemokratischen,"der Sozialversicherung und Volkswirtschaft bezeichneten 
 sozialdemokratischen Agitatoren Medlin und Schulz . Bemerkenswert"
179,31. Ausgabe 1931.txt,sozialdemokratischen,"zum anderen , damit dem 
 sozialdemokratischen Gemeindevorstand klargemacht wird , daß die"
180,32. Ausgabe 1930.txt,Sozialdemokratie,", zwingende Hintergründe . 

 Die Sozialdemokratie hat solche finanziellen Sorgen nie gehabt"
181,32. Ausgabe 1930.txt,Sozialdemokratie,"Unrecht behauptet worden , daß die Sozialdemokratie die Schutztruppe des jüdischen 
 Kapitals"
182,32. Ausgabe 1930.txt,Sozialdemokratie,"mit dem Erfolg , daß die Sozialdemokratie bisher mit 
 den Ausgaben für"
183,32. Ausgabe 1930.txt,Sozialdemokratie,". Seit 60 Jahren predigt die Sozialdemokratie 
 den Klassenkampf und Aufruhr und"
184,32. Ausgabe 1930.txt,Sozialdemokratie,"in die Hand gegeben wie der Sozialdemokratie . 
 Vertrauensvoll schauten die schaffenden"
185,32. Ausgabe 1931.txt,Sozialdemokraten,"Diese 
 Leute ( die jüdischen Sozialdemokraten ) gehören nun mal nicht zu"
186,32. Ausgabe 1931.txt,Sozialdemokrat,"gebracht , als 
 der ehemalige Sozialdemokrat August Winnig . Maurer von Beruf"
187,32. Ausgabe 1931.txt,Sozialdemokrat,"der Provinz Hannover , Herrn 
 Sozialdemokrat Noske , unterstellte Polizeischule hatte einen"
188,32. Ausgabe 1931.txt,Sozialdemokratie,Löhnung – gleiches Eisen “ die Sozialdemokratie während des Krieges einen wütenden Vorstoß
189,33. Ausgabe 1930.txt,Sozialdemokratie,"widernatürlichen Unzucht Die jüdisch geführte 
 Sozialdemokratie – Kommunismus , das Werk der"
190,33. Ausgabe 1930.txt,Sozialdemokraten,"
 Tante vom Breiten Gang den Sozialdemokraten eins zu pflastern . Sie schreibt"
191,33. Ausgabe 1930.txt,sozialdemokratische,"schreibt : Kürzlich tat der 
 sozialdemokratische Fraktionsredner Keil in der Sitzung des"
192,33. Ausgabe 1930.txt,Sozialdemokratie,"den 
 Ausspruch : „ Die Sozialdemokratie hat das Deutsche Reich aus der"
193,33. Ausgabe 1930.txt,Sozialdemokratie,"tiefsten Not gerettet . Die 
 Sozialdemokratie ist die starke Stütze dieses Staates"
194,33. Ausgabe 1931.txt,Sozialdemokraten,"jüdischer Führung stehende 
 Judenpartei der Sozialdemokraten gebunden sind , ist gewiß ein"
195,34. Ausgabe 1930.txt,Sozialdemokratisches,"Donnerstag Nachmittag 4 Uhr . 
 Sozialdemokratisches Führertum / Die Lügen-Partei einst ,"
196,34. Ausgabe 1930.txt,Sozialdemokratie,"

 Wie das führende Bonzentum der Sozialdemokratie die Arbeiterschaft bewusst belogen hat ,"
197,34. Ausgabe 1930.txt,Sozialdemokrat,". “ 
 Reichsarbeitsminister Wissell ( Sozialdemokrat ) am 5. 2. 1929 im"
198,34. Ausgabe 1930.txt,Sozialdemokrat,"“ Reichstagspräsident Paul Löbe 
 ( Sozialdemokrat ) am 30 / 31. 3."
199,34. Ausgabe 1930.txt,Sozialdemokrat,". “ Otto Wels 
 ( Sozialdemokrat ) im Mai 1929 auf dem"
200,35. Ausgabe 1930-1.txt,Sozialdemokratie,"überzeugt sind , daß die 
 Sozialdemokratie die Vernichtung der Kirche Christi und"
201,35. Ausgabe 1930-1.txt,Sozialdemokratie,"das 
 Zentrum mit dieser verdammungswürdigen Sozialdemokratie im Reich Koalitionen gebildet hat 
"
202,35. Ausgabe 1930-1.txt,Sozialdemokratie,"wird , daß es mit der Sozialdemokratie gemeinsam in Preußen das 
 Konkordat"
203,35. Ausgabe 1930-1.txt,sozialdemokratischen,"können , vielleicht gar 
 einen sozialdemokratischen Abgeordneten ; denn der Orang-Utan hat"
204,35. Ausgabe 1930-1.txt,sozialdemokratische,"und Parteifanatismus “ Der langjährige 
 sozialdemokratische Landrat des Kreises Hannover-Linden , Dr."
205,36. Ausgabe 1930.txt,sozialdemokratischen,", daß die Wirtschaftspartei in dem sozialdemokratischen Juden 
 Hilferding ihren sachverständigen Minister"
206,36. Ausgabe 1930.txt,sozialdemokratische,"sind , 
 sondern wie der sozialdemokratische Finanzminister Jude Hilferding , von Beruf"
207,36. Ausgabe 1930.txt,Sozialdemokratische,"daß die USPD ( Unabhängige 
 Sozialdemokratische Partei Deutschlands ) mit „ eigenen"
208,36. Ausgabe 1930.txt,Sozialdemokraten,"Händen und ein Machtfaktor der 
 Sozialdemokraten sind , und nun verstehen wir"
209,37. Ausgabe 1930.txt,sozialdemokratischen,"vorzüglichen Verbindungen zu der Zentrums- oder sozialdemokratischen 
 Regierung zu benutzen , um"
210,37. Ausgabe 1930.txt,Sozialdemokraten,"machen , mögen eines bedenken : Sozialdemokraten und Zentrumswähler , die nicht den"
211,37. Ausgabe 1930.txt,Sozialdemokraten,"diejenigen Zentrumsleute , Volksparteiler und 
 Sozialdemokraten , die durch das Volk gewählt"
212,37. Ausgabe 1930.txt,Sozialdemokratie,"den Herrschaften des Zentrums und der Sozialdemokratie zu zeigen , wie 
 das"
213,38. Ausgabe 1930.txt,Sozialdemokraten,"taten sich unmittelbar vor der Wahl Sozialdemokraten und Zentrum darin besonders 
 hervor"
214,38. Ausgabe 1930.txt,sozialdemokratische,"zu halten , die Abwanderung ins sozialdemokratische oder „ bürgerliche “ Lager zu"
215,38. Ausgabe 1930.txt,Sozialdemokraten,"des Zentrums , die rote der Sozialdemokraten und die goldene der 
 Juden"
216,38. Ausgabe 1930.txt,sozialdemokratischen,"lesen : Landesverrat ist nach 
 sozialdemokratischen Begriffen eine hervorragende Tugend und ein"
217,38. Ausgabe 1930.txt,Sozialdemokratie,"Landesverrats Verurteilte wird von der staatserhaltenden Sozialdemokratie als Held und 
 Märtyrer gefeiert"
218,39. Ausgabe 1930.txt,Sozialdemokraten,mit denen man die Ergebnisse der Sozialdemokraten und vor allem den Zuwachs der
219,39. Ausgabe 1930.txt,Sozialdemokratie,"sagen : 
 Preisabbau ? Die Sozialdemokratie behauptet immer , die Lebensinteressen des"
220,39. Ausgabe 1930.txt,sozialdemokratische,", Apotheker ) 
 SPD-Gehälter Die sozialdemokratische Presse fühlt sich seit der Reichstagsauflösung"
221,39. Ausgabe 1930.txt,Sozialdemokraten,"Bevölkerung befinden . Allerdings scheinen die Sozialdemokraten dabei vergessen zu haben , 
"
222,39. Ausgabe 1930.txt,sozialdemokratische,". Unter anderem schrieb die 
 sozialdemokratische Presse : „ Wo bleibt das"
223,40. Ausgabe 1930.txt,Sozialdemokraten,"
 Baade und Schmidt von den Sozialdemokraten . Eine vorbildliche „ Einheitsfront “"
224,40. Ausgabe 1930.txt,Sozialdemokratie,"jetzt , dass die jüdische 
 Sozialdemokratie sich bereit finden wird , diesem"
225,40. Ausgabe 1930.txt,Sozialdemokraten,"in ihrer Partei , während die Sozialdemokraten nicht einmal ihre Stellung zu halten"
226,40. Ausgabe 1930.txt,Sozialdemokratie,"
 Zusammenarbeit mit der angeblich religionslosen Sozialdemokratie ausgesprochen hat . Also 
 mit"
227,40. Ausgabe 1930.txt,Sozialdemokratie,"wird es vom Zentrum und der Sozialdemokratie wohl 
 wiederum heißen : „"
228,41. Ausgabe 1930.txt,Sozialdemokratie,"ist , die Bonzen 
 einer Sozialdemokratie zu beleidigen , deren höchster Exponent"
229,41. Ausgabe 1930.txt,Sozialdemokratie,"einmal die geblähte 
 Vornehmheit der Sozialdemokratie auf ihre „ Seele “ untersucht"
230,41. Ausgabe 1930.txt,Sozialdemokrat,"“ untersucht : 
 Der frühere Sozialdemokrat Emil Unger-Winkelried hat vor Kurzem eine"
231,41. Ausgabe 1930.txt,Sozialdemokratischen,"Niederbruch der einstmals so stolzen 

 Sozialdemokratischen Partei bringt , dass es einen"
232,41. Ausgabe 1930.txt,Sozialdemokratie,"Hund jammern könnte . Die 
 Sozialdemokratie will die Menschheit zu den lichten"
233,42. Ausgabe 1930.txt,sozialdemokratischen,"über die Oppositionsredner in den 
 sozialdemokratischen Gewerkschaftsversammlungen sachlich berichtet worden wäre ."
234,42. Ausgabe 1930.txt,Sozialdemokrat,"letzten Sitzung des Bürgervorsteher-Kollegiums gab der Sozialdemokrat Stagerfeld 
 Bericht über die Prüfung"
235,43. Ausgabe 1930.txt,Sozialdemokratie,"die Gewerkschaften als Vorspanner der 
 Sozialdemokratie den Arbeitern verschwiegen haben : daß"
236,43. Ausgabe 1930.txt,Sozialdemokrat,"Treppenwitz der Weltgeschichte , dass ein Sozialdemokrat von 
 Staatswegen das Konkordat des"
237,43. Ausgabe 1930.txt,sozialdemokratischen,"Der Schulerlaß des feigen braunschweigischen 
 sozialdemokratischen Volksbildungsministers , der den Braunschweiger Schulen"
238,43. Ausgabe 1930.txt,sozialdemokratischen,"in dem von der Aufhebung des sozialdemokratischen Schulerlasses 
 Kenntnis gegeben wird ."
239,43. Ausgabe 1930.txt,sozialdemokratischen,"Verhandlungen über die 
 Rechtsungültigkeit des sozialdemokratischen Schulerlasses geführt wurden . So sieht"
240,44. Ausgabe 1930.txt,sozialdemokratischen,"Wisch 
 unterschrieben haben . Von sozialdemokratischen Abgeordneten finden wir dort Sollmann ,"
241,44. Ausgabe 1930.txt,Sozialdemokratie,"verfolgen , den Zentrum und 
 Sozialdemokratie untereinander ausfechten . Das Zentrum sieht"
242,44. Ausgabe 1930.txt,Sozialdemokratismus,"
 aller Feinde die Führer des Sozialdemokratismus sind . Und wenn SPD und"
243,44. Ausgabe 1930.txt,sozialdemokratischen,"Entwicklung in Deutschland den Sturz der sozialdemokratischen Vorherrschaft in 
 Preußen ansehen ."
244,44. Ausgabe 1930.txt,Sozialdemokratie,"aber in Preußen mit seiner 
 Sozialdemokratie regiert und sich rücksichtslos über den"
245,45. Ausgabe 1930.txt,Sozialdemokraten,"Die nannten 
 sich Kommunisten , Sozialdemokraten , Rot-Front usw. Und alle die"
246,45. Ausgabe 1930.txt,Sozialdemokraten,", die die rotschwarze Regierung des Sozialdemokraten Braun stützt . Der 
 Auflösungsantrag"
247,45. Ausgabe 1930.txt,sozialdemokratischen,"Stimmen . Damit sind die 
 sozialdemokratischen Bonzen vor dem Schicksal ihrer Genossen"
248,45. Ausgabe 1930.txt,sozialdemokratische,"regiert in Berlin noch heute der sozialdemokratische Polizeipräsident 
 Zörgiebel , der dafür"
249,45. Ausgabe 1930.txt,Sozialdemokraten,"die Hauptschuld 
 die Polizei des Sozialdemokraten Zörgiebel trage . Sie sei von"
250,46. Ausgabe 1930.txt,Sozialdemokratie,"Es waren die 
 Leuchten der Sozialdemokratie , Haas und Nagel , der"
251,46. Ausgabe 1930.txt,sozialdemokratischen,"ist noch , daß sogar die sozialdemokratischen Gewerkschaften , die doch die Arbeiter"
252,46. Ausgabe 1930.txt,Sozialdemokratische,"Zeit hinwegkommen . 
 Stadt-Wächter-Partei 
 Sozialdemokratische Verteidigung 
 Der „ Vorwärts “"
253,46. Ausgabe 1930.txt,Sozialdemokratie,"noch weit größere Opfer kosten . Sozialdemokratie dem 
 deutschen Volke . “"
254,46. Ausgabe 1930.txt,Sozialdemokratie,"Spiele . Wieder einmal verteidigt die Sozialdemokratie Lebensinteresse 
 und Zukunft der deutschen"
255,47. Ausgabe 1930.txt,sozialdemokratische,"Parteiregierung ! In Preußen hat die sozialdemokratische Regierung Braun bei 
 der Abstimmung"
256,47. Ausgabe 1930.txt,Sozialdemokraten,"„ starke Mann “ der 
 Sozialdemokraten nun wohl versuchen wird , durch"
257,47. Ausgabe 1930.txt,sozialdemokratischen,Liest man nun noch in allen sozialdemokratischen und auch in den Zentrums-Blättern die
258,47. Ausgabe 1930.txt,Sozialdemokraten,"sind , darum kümmern sich diese Sozialdemokraten nicht . Es wird einen 
"
259,47. Ausgabe 1930.txt,Sozialdemokratische,"Deutschlands , weichen müssen . 
 Sozialdemokratische preußische Regierung sabotiert Amnestie-Gesetz Nachdem der"
260,48. Ausgabe 1930.txt,Sozialdemokraten,"6 Tage Gefängnis 
 Wahlniederlage der Sozialdemokraten – Die Osnabrücker Volkszeitung und das"
261,48. Ausgabe 1930.txt,Sozialdemokratische,"Verantwortungsgefühl sich vermeiden lassen . 

 Sozialdemokratische Misswirtschaft Direktorium Braun , Severing und"
262,48. Ausgabe 1930.txt,sozialdemokratischer,"8. bis 1. 
 9. als sozialdemokratischer Agitator im Kreise Höxter in verschiedenen"
263,48. Ausgabe 1930.txt,Sozialdemokratische,"war , erhalten . 
 Überall Sozialdemokratische Misswirtschaft In Lübeck hat sich der"
264,48. Ausgabe 1930.txt,Sozialdemokratischen,"
 zurückgetreten . Er gehörte der Sozialdemokratischen Partei an . Auf die sozialdemokratischen"
265,49. Ausgabe 1930.txt,Sozialdemokraten,"
 der Oberbürgermeister einen Dringlichkeitsantrag der Sozialdemokraten , die übersteigerten 
 Kleinhandelspreise tunlichst"
266,49. Ausgabe 1930.txt,Sozialdemokraten,". Dazu lagen 
 Anträge der Sozialdemokraten und Kommunisten vor . Senator Schulte"
267,49. Ausgabe 1930.txt,Sozialdemokratie,"Die Bier- und Getränkesteuer wolle die Sozialdemokratie 
 bewilligen . 
 Bv ."
268,49. Ausgabe 1930.txt,Sozialdemokraten,"Sitzung wurde ein Deckungsvorschlag der 
 Sozialdemokraten , der die Erhöhung der Vermögenssteuer"
269,49. Ausgabe 1930.txt,Sozialdemokraten,"seiner Unkosten scharf , daß die Sozialdemokraten z. B. Gelder 
 für die"
270,50. Ausgabe 1930.txt,sozialdemokratischen,"vielmehr die 
 jämmerlichen Reste dieser sozialdemokratischen Vereinigung von Angestellten hat nämlich 
"
271,50. Ausgabe 1930.txt,Sozialdemokraten,"selbstverständlich ein Jude , von den Sozialdemokraten in den Reichstag gewählt 
 wurde"
272,50. Ausgabe 1930.txt,sozialdemokratische,"scheint allmählich einzusehen , daß dieses sozialdemokratische 
 Organ von keinem vernünftigen Arbeiter"
273,50. Ausgabe 1930.txt,Sozialdemokratie,"
 dokumentieren will , daß die Sozialdemokratie nach dem Ausspruch „ prominenter “"
274,50. Ausgabe 1930.txt,Sozialdemokraten,"es zu einer schweren Schlägerei zwischen Sozialdemokraten und Kommunisten . 
 Um 11"
275,52. Ausgabe 1930.txt,Sozialdemokraten,"Ruhe vor 
 sich . Die Sozialdemokraten erlitten in den Industriegemeinden starke Verluste"
276,52. Ausgabe 1930.txt,Sozialdemokraten,"stellt sich 
 folgendermaßen dar : Sozialdemokraten : 72 ( 71 ) Mandate"
277,53. Ausgaben 1930.txt,Sozialdemokraten,"über eine Demonstration der 
 Wiener Sozialdemokraten gegen die Beschlagnahme ihrer Waffen ."
278,53. Ausgaben 1930.txt,Sozialdemokratie,"einer Stadt , in der die Sozialdemokratie die stärkste Partei auf dem 
"
279,53. Ausgaben 1930.txt,sozialdemokratischen,", sondern ganz allein die 
 sozialdemokratischen Stadtverordneten , die wahrlich Zeit genug"
280,53. Ausgaben 1930.txt,Sozialdemokraten,"Erfahrungen ) . Jedenfalls werden die Sozialdemokraten auf dem Rathaus tüchtig weiter 
"
281,53. Ausgaben 1930.txt,sozialdemokratischen,"
 Humbug statt Brot 
 Die sozialdemokratischen Bürgervorsteher haben einen Antrag eingebracht ."
282,54. Ausgabe 1930.txt,Sozialdemokraten,"der 
 Nationalsozialisten . Es erhielten Sozialdemokraten 54000 ( 61779 ) Stimmen ,"
283,54. Ausgabe 1930.txt,sozialdemokratische,"! 
 Vorlämpfer des Proletariats Der sozialdemokratische Senator Kirch in Altona hatte sich"
284,54. Ausgabe 1930.txt,Sozialdemokratische,": Proletarier ! 
 Klassenkämpfer ! Sozialdemokratische Genossen ! Nächstes Mal werdet ihr"
285,54. Ausgabe 1930.txt,Sozialdemokratie,"umzustürzen wünschten . Dagegen sei die Sozialdemokratie Trägerin des 
 heutigen Staates ."
286,55. Ausgabe 1930.txt,Sozialdemokrat,"d. Red. ) 
 Reichstagspräsident und Sozialdemokrat Löbe gratuliert den Esten zur Vernichtung"
287,55. Ausgabe 1930.txt,Sozialdemokraten,"haben 

 Zentrum , Volkspartei und Sozialdemokraten ihre marxistischen Hauswurstaden dem betörten 
"
288,55. Ausgabe 1930.txt,Sozialdemokrat,". Und dann kommt Herr 
 Sozialdemokrat Löbe daher und erzählt den aushorchenden"
289,55. Ausgabe 1930.txt,Sozialdemokraten,"
 erweiterten Schöffengericht in Elberfeld zwei Sozialdemokraten wegen Unterschlagung 

 öffentlicher Gelder in"
290,55. Ausgabe 1930.txt,Sozialdemokratie,"klagen an Durch die von der Sozialdemokratie zusammen mit dem 
 christlichen Zentrum"
291,56. Ausgabe 1930-1.txt,Sozialdemokraten,"Luderwirtschaft , 
 die Zentrum und Sozialdemokraten seit der Revolution betrieben haben ,"
292,56. Ausgabe 1930-1.txt,Sozialdemokraten,"sondern ist mit den Stimmen der Sozialdemokraten , des Zentrums 
 und anderer"
293,56. Ausgabe 1930-1.txt,Sozialdemokraten,"schwarz-roten 
 Kuhhandels willen auch die Sozialdemokraten gegen die Aufhebung sind , die"
294,56. Ausgabe 1930.txt,Sozialdemokraten,"Luderwirtschaft , 
 die Zentrum und Sozialdemokraten seit der Revolution betrieben haben ,"
295,56. Ausgabe 1930.txt,Sozialdemokraten,"sondern ist mit den Stimmen der Sozialdemokraten , des Zentrums 
 und anderer"
296,56. Ausgabe 1930.txt,Sozialdemokraten,"schwarz-roten 
 Kuhhandels willen auch die Sozialdemokraten gegen die Aufhebung sind , die"
297,58. Ausgabe 1930.txt,sozialdemokratische,"Die Parteien haben Bonzen , die sozialdemokratische allein ein Heer 
 von rund"
298,58. Ausgabe 1930.txt,Sozialdemokrat,"die Bonzenclique , Rief 
 der Sozialdemokrat . 
 Doch die Antwort kam"
299,58. Ausgabe 1930.txt,sozialdemokratischer,"kamen ja bekanntlich die intimsten Beziehungen sozialdemokratischer 

 Würdenträger und „ Führer “"
300,58. Ausgabe 1930.txt,sozialdemokratischen,", ihre Geschäfte mit der 
 sozialdemokratischen Futterkrippenpolitik auf das glücklichste zu verbinden"
301,58. Ausgabe 1930.txt,sozialdemokratischen,"galizischen 
 Schieber mit dem eines sozialdemokratischen Großen gemeinsam in einem Gästebuch findet"
302,59. Ausgabe 1930.txt,sozialdemokratische,"den Stadt-Wächter in Bielefeld hat die sozialdemokratische 
 Zeitung allein 180.000 ( einhundertachtzigtausend"
303,6. Korrekt OCR.txt,Sozialdemokratie,"reicher werden . 
 Wie die Sozialdemokratie die Bankangestellten vertritt . 
 In"
304,6. Korrekt OCR.txt,sozialdemokratischen,"
 Angestelltenvertreter , Marg , vom sozialdemokratischen Allgemeinen Verband der deutschen 
 Bankangestellten"
305,6. Korrekt OCR.txt,Sozialdemokrat,Herr Marg vom A. V. ist Sozialdemokrat . Er tritt als solcher auch
306,6. Korrekt OCR.txt,Sozialdemokratie,"allen Mitteln zu bekämpfen . Die Sozialdemokratie 
 erstrebt bekanntlich die Verstaatlichung der"
307,6. Korrekt OCR.txt,Sozialdemokratie,"Banken aber sind lieb Kind der Sozialdemokratie , 
 besonders die von Jakob"
308,60. Ausgabe 1930.txt,Sozialdemokraten,"Was ist nun die Meinung der Sozialdemokraten ? “ 
 Nun kommt die"
309,61. Ausgabe 1930.txt,Sozialdemokratie,"taub . Denn 
 Zentrum wie Sozialdemokratie bemühten sich nicht , eine vernünftige"
310,62. Ausgabe 1930.txt,Sozialdemokraten,Friedenssaal viel Haare ! Bei den Sozialdemokraten und beim Zentrum finde ich die
311,66. Ausgabe 1930.txt,Sozialdemokratie,"zum offenen 
 Bürgerkrieg treiben . Sozialdemokratie und Zentrum haben ... Die Juden"
312,66. Ausgabe 1930.txt,Sozialdemokratie,"eine Diktatur ausgerichtet , wobei die Sozialdemokratie sich sehr 
 widerspruchsvoll benommen hat"
313,66. Ausgabe 1930.txt,sozialdemokratischen,"Ironie des Schicksals . Daß die sozialdemokratischen Wähler über dieses 
 Verhalten ihrer"
314,66. Ausgabe 1930.txt,Sozialdemokratie,". 
 Überhaupt befindet sich die Sozialdemokratie in einem Zustande der Erstarrung ihres"
315,66. Ausgabe 1930.txt,Sozialdemokratische,"innerhalb der 
 Arbeiterbewegung . Die Sozialdemokratische Partei ist heute die Partei der"
316,OCR 10 Ausgabe.txt,sozialdemokratische,"Lesern mitzuteilen , daß der 
 sozialdemokratische Leiter des hiesigen Arbeitsamtes zum Regierungsrat"
317,OCR 10 Ausgabe.txt,Sozialdemokratie,"müssen wir jetzt erleben ! Die Sozialdemokratie , die augenblickliche Inhaberin der 
"
318,OCR 11 komplett.txt,sozialdemokratischen,"nennt man das in 
 den sozialdemokratischen Kreisen verschämt : Informations- und Studienreisen"
319,OCR 11 komplett.txt,sozialdemokratischer,"des Barmat-Prozesses nur 
 ein hervorragender sozialdemokratischer Parlamentarier [ hervorging ] . 
"
320,OCR 11 komplett.txt,sozialdemokratischen,"Vorwärts “ , das Zentralorgan der sozialdemokratischen Partei , hat schon die furchtbare"
321,OCR 11 komplett.txt,Sozialdemokratie,"da ein Wunder , wenn die Sozialdemokratie von dem Großkapital abhängig ist ?"
322,OCR 11 komplett.txt,sozialdemokratischen,"
 vaterländischen Zwecken wird von dem sozialdemokratischen Polizeipräsidenten verboten . 
 Aber wie"
323,OCR 12 korrekt.txt,Sozialdemokratische,"Richtern eine Rechtsbelehrung erteilen . Der Sozialdemokratische Parteiklüngel 
 [ sollte ] hier"
324,OCR 12 korrekt.txt,sozialdemokratischen,"Eine jüdische Schweinerei . In der sozialdemokratischen Zeitschrift „ Der Klassenkampf “ ,"
325,OCR 12 korrekt.txt,Sozialdemokratische,"T. “ aus Dresden 
 die Sozialdemokratische Partei ebenfalls in Dresden eine Kundgebung"
326,OCR 12 korrekt.txt,Sozialdemokratischen,", 
 sozialistischer Elternräte und der Sozialdemokratischen Partei . Als Hauptreferent trat der"
327,OCR 12 korrekt.txt,Sozialdemokratie,"die vielfach noch auf die 
 Sozialdemokratie schwört , aufgeklärt wird , wie"
328,OCR 13 Korrekt.txt,sozialdemokratische,"ist schamlos , was sich die sozialdemokratische und 
 demokratische Presse gegenwärtig in"
329,OCR 13 Korrekt.txt,Sozialdemokraten,"
 Aber jedem heute noch irregeleiteten Sozialdemokraten müssen wir sagen , was der"
330,OCR 13 Korrekt.txt,Sozialdemokraten,"
 alles übertrifft : „ Wir Sozialdemokraten müssen uns mit dem kapitalistischen Geist"
331,OCR 13 Korrekt.txt,sozialdemokratischer,"Dickbalg “ war früher ein echt sozialdemokratischer Ausdruck für alle Menschen , die"
332,OCR 13 Korrekt.txt,sozialdemokratische,", wie z. 
 B. der sozialdemokratische Führer Kuper , bist Jude ,"
333,OCR 14 korrekt.txt,Sozialdemokratie,"der 
 Gesellschaftsform schafft . 
 Sozialdemokratie und Schuldlüge . 
 Der Jude"
334,OCR 14 korrekt.txt,sozialdemokratische,"Schuldlüge . 
 Der Jude und sozialdemokratische Reichstagsabgeordnete Dr. Rosenfeld hielt vor kurzem"
335,OCR 14 korrekt.txt,Sozialdemokratischen,"Es ist die Aufgabe der 
 Sozialdemokratischen Partei Deutschlands , darauf zu achten"
336,OCR 14 korrekt.txt,sozialdemokratischen,"Mark ; für den Kindergarten der sozialdemokratischen Arbeiterwohlfahrt 1500 
 Mark ; für"
337,OCR 15 korrekt.txt,sozialdemokratischen,"
 begnügte , Severing als einzigen sozialdemokratischen Kollegen in sein Ministerium zu berufen"
338,OCR 15 korrekt.txt,Sozialdemokraten,", in dem nur 
 zwei Sozialdemokraten saßen . Otto Braun ist eben"
339,OCR 15 korrekt.txt,Sozialdemokratie,"wir nichts hinzufügen . 
 Die Sozialdemokratie hatte großtuend angekündigt , daß der"
340,OCR 17. Ausgabe korrekt.txt,Sozialdemokraten,handelt . ( Zuruf von den Sozialdemokraten ) . 1635 Millionen beträgt –
341,OCR 17. Ausgabe korrekt.txt,Sozialdemokraten,"gestellt . ( Lachen bei den Sozialdemokraten ) . 
 Sie lachen darüber"
342,OCR 17. Ausgabe korrekt.txt,Sozialdemokraten,"( Widerspruch und Zurufe von den Sozialdemokraten ) . Herr 
 Breitscheid ,"
343,OCR 17. Ausgabe korrekt.txt,sozialdemokratischen,"Nationalbank , welcher 
 bekanntlich den sozialdemokratischen „ Vorwärts “ mit 800 000"
344,OCR 17. Ausgabe korrekt.txt,sozialdemokratischen,"
 Verfassungsfeier durch die demokratischen und sozialdemokratischen Gazetten verbreiten , der 
 von"
345,OCR 18. Ausgabe korrekt.txt,sozialdemokratische,"“ . Soziale Sorgen . Zwei sozialdemokratische 
 Bonzen sprechen über ihre Sorgen"
346,OCR 19. Ausgabe korrekt.txt,Sozialdemokratie,"diesem 
 Schlagwort hat die deutsche Sozialdemokratie ihre Wähler immer und immer wieder"
347,OCR 19. Ausgabe korrekt.txt,Sozialdemokraten,"geködert . 

 Heute sind dieselben Sozialdemokraten wieder einmal die stärkste Partei Deutschlands"
348,OCR 19. Ausgabe korrekt.txt,sozialdemokratischen,", der auf der Bahn einem sozialdemokratischen Berichterstatter erklärte , daß 
 er"
349,OCR 19. Ausgabe korrekt.txt,sozialdemokratischen,"sei durch das dauernde Lesen der sozialdemokratischen Presse derart verblödet gewesen , daß"
350,OCR 19. Ausgabe korrekt.txt,sozialdemokratischen,"nach könnte der Herr von der sozialdemokratischen 
 Presse sein . Weshalb aus"
351,OCR 19. Ausgabe.txt,Sozialdemokratie,"sich der Stadt-Wächter an der 
 Sozialdemokratie . “ Sie besinnt sich ,"
352,OCR 19. Ausgabe.txt,Sozialdemokrat,"träumen lassen . „ Haas ist Sozialdemokrat , deshalb muß er eine auf"
353,OCR 19. Ausgabe.txt,sozialdemokratischer,"absolut falsch ! Haas ist 
 sozialdemokratischer „ Bonze “ und gelehriger Schüler"
354,OCR 19. Ausgabe.txt,Sozialdemokratie,"der die 
 übrigen Mitglieder der Sozialdemokratie kaum zu Worte kommen lässt ,"
355,OCR 19. Ausgabe.txt,Sozialdemokraten,", unter dessen Führung 
 die Sozialdemokraten auf dem Rathause zu einer Schutztruppe"
356,OCR 2. Ausgabe 1930.txt,Sozialdemokratie,"
 Generation . 
 Wenn die Sozialdemokratie glaubt , unser Eintreten für moralisch"
357,OCR 2. Ausgabe 1930.txt,Sozialdemokraten,"Antrag stieß merkwürdigerweise auf Billigung der Sozialdemokraten , Zentrumsleute etc. 
 Wohl nur"
358,OCR 2. Ausgabe 1930.txt,Sozialdemokraten,"willkürlich gewählten Senatoren ( auch die Sozialdemokraten sahen wie richtige 
 Bourgeois aus"
359,OCR 2. Ausgabe 1930.txt,Sozialdemokraten,"jemand ernstlich bestreiten , dass die Sozialdemokraten noch immer die größten 
 Arbeiterfeinde"
360,OCR 20. Ausgabe.txt,sozialdemokratischen,": Abgeordneter Heilmann , Führer der sozialdemokratischen 
 Landtagsfraktion , Georg Bernhard ,"
361,OCR 21. Ausgabe.txt,Sozialdemokrat,"Philipp . Philipp Scheidemann ist der Sozialdemokrat , der mit einer Reihe von"
362,OCR 21. Ausgabe.txt,Sozialdemokraten,"ist , 
 wie's von den Sozialdemokraten allerdings nur in der Theorie gelehrt"
363,OCR 22. Ausgabe.txt,sozialdemokratische,"die Krankenkassen-Aerzte verdienen . 
 Der sozialdemokratische Hauptverband deutscher Krankenkassen muß dem sommerlichen"
364,OCR 22. Ausgabe.txt,Sozialdemokraten,". Idiotie in Reinkultur . 
 Sozialdemokraten gegen Hilferding . Ein Nationalsozialist als"
365,OCR 22. Ausgabe.txt,sozialdemokratischen,", 9. 
 September . In sozialdemokratischen Beamtenkreisen herrscht starke Verstimmung gegen den"
366,OCR 22. Ausgabe.txt,Sozialdemokraten,"zum 
 Judenschutztruppler , d. h. Sozialdemokraten und Kommunisten , werden nie etwas"
367,OCR 24. Ausgabe.txt,sozialdemokratische,"eines Aufsatzes stehen , den der sozialdemokratische 
 Reichstagsabgeordnete und Minister a. D."
368,OCR 24. Ausgabe.txt,Sozialdemokrat,"sprach , wie gesagt , der Sozialdemokrat Sollmann vor zwei Jahren . Heute"
369,OCR 24. Ausgabe.txt,sozialdemokratische,". Heute aber preist die 
 sozialdemokratische Presse die bevorstehende Annahme des Young-Planes"
370,OCR 24. Ausgabe.txt,Sozialdemokrat,"einem Anfall von Vernunft sogar der Sozialdemokrat Sollmann als 
 verderblich bezeichnete ."
371,OCR 24. Ausgabe.txt,sozialdemokratische,"wurde ihr nachgewiesen , daß die sozialdemokratische Partei sogar einen 
 Ministermörder in"
372,OCR 25. Ausgabe.txt,Sozialdemokraten,"hätten wir heute keine Kommunisten und Sozialdemokraten . 
 PAGE 2 
 Das"
373,OCR 25. Ausgabe.txt,sozialdemokratischen,"Wir entnehmen diese Ausführungen dem 
 sozialdemokratischen „ Halberstädter Volkswillen “ . 
"
374,OCR 25. Ausgabe.txt,Sozialdemokratie,". Dort , wo die 
 Sozialdemokratie herrscht , wird versucht , den"
375,OCR 25. Ausgabe.txt,sozialdemokratischer,"machen . Gemeinden haben unter 
 sozialdemokratischer Rubrik die öffentliche Hand auf Wirtschaftszweige"
376,OCR 25. Ausgabe.txt,sozialdemokratischen,"Schieber Gebr. Sklarek , die der sozialdemokratischen Partei 
 angehörten , nicht nur"
377,OCR 26. Ausgabe.txt,Sozialdemokratie,"sogenannte Wahlparole : 
 Kampf der Sozialdemokratie , Einheitsfront der Bürgerlichen ( wozu"
378,OCR 26. Ausgabe.txt,Sozialdemokraten,"ist nicht wahr , denn die Sozialdemokraten , die treuen Beschützer der fremdrassigen"
379,OCR 26. Ausgabe.txt,Sozialdemokratie,"eine derartige 
 Regelung der deutschen Sozialdemokratie nur schaden könne . Dasselbe geschah"
380,OCR 26. Ausgabe.txt,sozialdemokratischen,"Juden mit ihrem demokratischen und 
 sozialdemokratischen Anhang bereits erreicht haben , daß"
381,OCR 27. Ausgabe.txt,sozialdemokratischen,"für den Binnenwasserverkehr , dem 
 sozialdemokratischen Stadtrat Wilhelm Schüning ausgearbeitet . Als"
382,OCR 27. Ausgabe.txt,Sozialdemokratie,"und Gemeinden , in denen die Sozialdemokratie 
 am Ruder sitzt , blüht"
383,OCR 27. Ausgabe.txt,sozialdemokratischen,"die 
 darauf beim sattsam bekannten sozialdemokratischen Innenminister Grzesinski vorstellig 
 wurde ."
384,OCR 27. Ausgabe.txt,Sozialdemokraten,"und trieb Erfüllungspolitik . 
 Die Sozialdemokraten sagen genau dasselbe , aber weil"
385,OCR 28. Ausgabe.txt,Sozialdemokratie,", das Organ der 
 bayerischen Sozialdemokratie , als hemmungslosen Demagogen bezeichnete ,"
386,OCR 28. Ausgabe.txt,Sozialdemokratie,"dafür , wie das Judentum die Sozialdemokratie und den Kommunismus als ureigenste 
"
387,OCR 28. Ausgabe.txt,Sozialdemokratie,"zu den derzeitigen 
 Machthabern der Sozialdemokratie : Juden beherrschen den deutschen Arbeiter"
388,OCR 28. Ausgabe.txt,sozialdemokratischen,"
 Mann lediglich wegen Zugehörigkeit zur sozialdemokratischen Partei bestellt . Den 
 Oberversicherungsämtern"
389,OCR 29. Ausgabe.txt,sozialdemokratische,"die z. B. heute noch die sozialdemokratische Lehre sich 
 aufbaut – es"
390,OCR 29. Ausgabe.txt,Sozialdemokratie,", dass diese Sportkandidaten alle der Sozialdemokratie 
 angehören , damit der zu"
391,OCR 29. Ausgabe.txt,sozialdemokratische,"die Freie Presse . Die 
 sozialdemokratische Bürgervorsteherfraktion sitzt sich nämlich mit dem"
392,OCR 29. Ausgabe.txt,Sozialdemokratische,"lang 
 entschlafene U.S.P.D. ( Unabhängige Sozialdemokratische Partei ) hier in Osnabrück wieder"
393,OCR 29. Ausgabe.txt,Sozialdemokratie,"
 „ Arbeiterverraterpartei “ ( der Sozialdemokratie ) überzutreten . Nun plaudert die"
394,OCR 3 komplett Stadtwächter.txt,sozialdemokratische,"Blinddarmentzündung ärgern . Und ausgerechnet der sozialdemokratische 
 Finanzminister macht solche Zicken ."
395,OCR 3. Ausgabe 1930.txt,Sozialdemokraten,"mehr zu 
 überbietenden Skrupellosigkeit haben Sozialdemokraten , Zentrum und bürgerlicher Parteibrei 
"
396,OCR 3. Ausgabe 1930.txt,Sozialdemokraten,"Elemente ging nur dahin , den Sozialdemokraten den ihnen 
 nach der Stärke"
397,OCR 3. Ausgabe 1930.txt,Sozialdemokrat,"
 eingesehen , warum nicht ein Sozialdemokrat Worthalter sein soll , zumal ,"
398,OCR 3. Ausgabe 1930.txt,Sozialdemokratie,", zumal , wenn die 
 Sozialdemokratie diesfalls das Recht auf ihrer Seite"
399,OCR 3. Ausgabe 1930.txt,Sozialdemokratie,". 

 Die Herren von der Sozialdemokratie , die von den Vorgängen hinter"
400,OCR 30. Ausgabe.txt,Sozialdemokratie,"vertretenen Parteien . Als Vertreter der Sozialdemokratie der 
 Spitzenkandidat der neuen Liste"
401,OCR 30. Ausgabe.txt,Sozialdemokraten,"Wenn man es auch von den Sozialdemokraten gewöhnt ist , daß sie stets"
402,OCR 30. Ausgabe.txt,Sozialdemokraten,", wenn man weiß , daß Sozialdemokraten und alle politischen Parteien , 
"
403,OCR 30. Ausgabe.txt,Sozialdemokraten,"bislang im kritiklosen 
 Bewilligen bewährten Sozialdemokraten aufsprechen und nicht recht mitmachen wollten"
404,OCR 30. Ausgabe.txt,Sozialdemokraten,"früheren geheimen Sitzung einträchtig mit den Sozialdemokraten 36.000 Mark für den 
 Ankauf"
405,OCR 31. Ausgabe.txt,sozialdemokratischer,"
 Sachen . Was hat ein sozialdemokratischer Finanzminister Dr. med . Hilferding getan"
406,OCR 31. Ausgabe.txt,sozialdemokratischen,"entwickeln möge . Vergleicht man die sozialdemokratischen Stimmen zur Prov . 
 Landtagswahl"
407,OCR 32. Ausgabe-1.txt,Sozialdemokraten,"Ich 
 schreibe den Zuwachs der Sozialdemokraten zu einem guten Teile diesem Umstande"
408,OCR 33. Ausgabe.txt,sozialdemokratische,"da die Wahrheit , wenn die sozialdemokratische Regierung 
 und alle Mitläufer von"
409,OCR 33. Ausgabe.txt,Sozialdemokraten,"Anton Kohlbrecher kränkt , von den Sozialdemokraten 
 kein Bürgervorsteher-Mandat bekommen zu haben"
410,OCR 33. Ausgabe.txt,sozialdemokratischen,"die Schränke ( Spinde ) nach sozialdemokratischen Schriften revidieren und brüllte 
 die"
411,OCR 33. Ausgabe.txt,Sozialdemokratie,"
 verhungerte . Juden in der Sozialdemokratie waren es , die im Parlament"
412,OCR 34. Ausgabe.txt,sozialdemokratischen,"sogar der „ Sachverständige “ der sozialdemokratischen Parteiregierung , 
 Reichsbankpräsident Schacht ,"
413,OCR 34. Ausgabe.txt,Sozialdemokraten,"in dieser verhältnismäßig kurzen Zeit die Sozialdemokraten 
 um 1.200.000 abgenommen , die"
414,OCR 34. Ausgabe.txt,Sozialdemokraten,"aus friedfertig 
 angelegten Naturen gedankenlose Sozialdemokraten macht . “ Heute aber unterstützen"
415,OCR 34. Ausgabe.txt,sozialdemokratische,", welche Motive für 
 die sozialdemokratische Regierung vorliegen , diese neuen Milliarden"
416,OCR 34. Ausgabe.txt,sozialdemokratischen,"nur das 
 verbrecherische Treiben der sozialdemokratischen Machthaber zu bunt geworden zu sein"
417,OCR 35. Ausgabe .txt,Sozialdemokratie,". Die angegangenen Parteien haben ohne Sozialdemokratie , 
 Zentrum und Stadt-Wächter-Partei verhandelt"
418,OCR 35. Ausgabe .txt,Sozialdemokratie,"absoluter Irrtum , daß wir die Sozialdemokratie als Arbeitervertretung 
 bekämpften . Den"
419,OCR 35. Ausgabe .txt,sozialdemokratische,"Kreisblattes “ 
 nachzulesen . Der sozialdemokratische Konsumverein inseriert darin Rauchheringe und 
"
420,OCR 35. Ausgabe .txt,sozialdemokratischen,", daß man auch in 
 sozialdemokratischen Kreisen weiß , welches rege Interesse"
421,OCR 36. Ausgabe.txt,Sozialdemokratie,"an einem 
 Kampf gegen die Sozialdemokratie um jeden Preis nicht beteiligen werden"
422,OCR 36. Ausgabe.txt,Sozialdemokratie,"werden . Meinetwegen mag 
 die Sozialdemokratie ruhig den Bürgervorsteherworthalter stellen . Wir"
423,OCR 36. Ausgabe.txt,Sozialdemokratie,"Hoffentlich verstehen die 
 Vertreter der Sozialdemokratie uns . Wir möchten sie davor"
424,OCR 36. Ausgabe.txt,Sozialdemokratie,"das hiesige Organ der Völker verderbenden Sozialdemokratie wieder in 
 nichtswürdiger Weise über"
425,OCR 9. korrekt.txt,sozialdemokratischen,"natürlich einer der Bonzen 
 der sozialdemokratischen Partei – gefragt wurde , warum"
426,OCR 9. korrekt.txt,Sozialdemokrat,"Man bedenke , Herr König ist Sozialdemokrat . Er 
 stammt aus einfachen"
427,OCR 9. korrekt.txt,sozialdemokratische,"sich ist es für die 
 sozialdemokratische Arbeiterschaft schon eine Beruhigung , wenn"
